River,Site,Date,AFDM (mg),Shell length (mm),Average DO (mg/L)
Rappahannock,D2,"June 7, 2004",2,10.0,0.60
Rappahannock,D2,"June 7, 2004",5,12.0,0.60
Rappahannock,D6,"June 7, 2004",2,7.0,2.22
Rappahannock,D6,"June 7, 2004",2,8.3,2.22
Rappahannock,D6,"June 7, 2004",1,8.8,2.22
Rappahannock,D6,"June 7, 2004",2,9.0,2.22
Rappahannock,D6,"June 7, 2004",1,9.0,2.22
Rappahannock,D6,"June 7, 2004",2,9.0,2.22
Rappahannock,D6,"June 7, 2004",1,9.8,2.22
Rappahannock,D6,"June 7, 2004",8,12.2,2.22
Rappahannock,D7,"June 7, 2004",2,9.0,1.22
Rappahannock,D8,"June 7, 2004",6,10.6,0.49
Rappahannock,M0,"June 7, 2004",1,8.7,3.30
Rappahannock,M0,"June 7, 2004",3,9.0,3.30
Rappahannock,M0,"June 7, 2004",65,21.3,3.30
Rappahannock,M0,"June 7, 2004",61,22.0,3.30
Rappahannock,M0,"June 7, 2004",85,23.3,3.30
Rappahannock,M13,"June 7, 2004",4,9.7,4.60
Rappahannock,M13,"June 7, 2004",48,22.2,4.60
Rappahannock,M13,"June 7, 2004",75,23.4,4.60
Rappahannock,M13,"June 7, 2004",72,24.0,4.60
Rappahannock,M19,"June 7, 2004",1,9.0,3.25
Rappahannock,M5,"June 7, 2004",1,9.0,2.30
Rappahannock,M9,"June 7, 2004",3,8.7,3.60
Rappahannock,M9,"June 7, 2004",4,10.7,3.60
Rappahannock,M9,"June 7, 2004",3,11.0,3.60
Rappahannock,M9,"June 7, 2004",87,24.3,3.60
Rappahannock,S1,"June 7, 2004",1,5.8,4.50
Rappahannock,S1,"June 7, 2004",1,6.3,4.50
Rappahannock,S1,"June 7, 2004",1,7.6,4.50
Rappahannock,S1,"June 7, 2004",3,9.1,4.50
Rappahannock,S1,"June 7, 2004",38,17.5,4.50
Rappahannock,S1,"June 7, 2004",31,17.5,4.50
Rappahannock,S1,"June 7, 2004",44,18.3,4.50
Rappahannock,S1,"June 7, 2004",44,18.4,4.50
Rappahannock,S1,"June 7, 2004",1,8.8,4.50
Rappahannock,S1,"June 7, 2004",48,19.6,4.50
Rappahannock,S1,"June 7, 2004",41,19.8,4.50
Rappahannock,S1,"June 7, 2004",47,19.9,4.50
Rappahannock,S1,"June 7, 2004",53,19.9,4.50
Rappahannock,S1,"June 7, 2004",65,20.0,4.50
Rappahannock,S1,"June 7, 2004",50,20.6,4.50
Rappahannock,S1,"June 7, 2004",54,21.4,4.50
Rappahannock,S1,"June 7, 2004",70,21.8,4.50
Rappahannock,S1,"June 7, 2004",64,22.0,4.50
Rappahannock,S1,"June 7, 2004",80,22.3,4.50
Rappahannock,S10,"June 7, 2004",22,17.7,5.00
Rappahannock,S10,"June 7, 2004",32,18.9,5.00
Rappahannock,S10,"June 7, 2004",29,19.3,5.00
Rappahannock,S10,"June 7, 2004",34,19.5,5.00
Rappahannock,S10,"June 7, 2004",44,19.9,5.00
Rappahannock,S10,"June 7, 2004",45,20.5,5.00
Rappahannock,S10,"June 7, 2004",44,21.1,5.00
Rappahannock,S10,"June 7, 2004",43,21.1,5.00
Rappahannock,S10,"June 7, 2004",41,21.2,5.00
Rappahannock,S10,"June 7, 2004",45,21.2,5.00
Rappahannock,S10,"June 7, 2004",46,21.4,5.00
Rappahannock,S10,"June 7, 2004",43,21.5,5.00
Rappahannock,S10,"June 7, 2004",62,21.8,5.00
Rappahannock,S10,"June 7, 2004",39,22.3,5.00
Rappahannock,S10,"June 7, 2004",54,22.5,5.00
Rappahannock,S12,"June 7, 2004",18,16.3,4.50
Rappahannock,S12,"June 7, 2004",24,16.9,4.50
Rappahannock,S12,"June 7, 2004",33,20.0,4.50
Rappahannock,S12,"June 7, 2004",42,20.1,4.50
Rappahannock,S12,"June 7, 2004",41,21.3,4.50
Rappahannock,S4,"June 7, 2004",63,18.9,3.00
Rappahannock,S4,"June 7, 2004",65,19.2,3.00
Rappahannock,S4,"June 7, 2004",34,19.5,3.00
Rappahannock,S4,"June 7, 2004",65,19.5,3.00
Rappahannock,S4,"June 7, 2004",69,19.6,3.00
Rappahannock,S4,"June 7, 2004",76,19.9,3.00
Rappahannock,S4,"June 7, 2004",78,20.1,3.00
Rappahannock,S4,"June 7, 2004",76,20.3,3.00
Rappahannock,S4,"June 7, 2004",39,20.8,3.00
Rappahannock,S4,"June 7, 2004",77,21.0,3.00
Rappahannock,S4,"June 7, 2004",94,21.0,3.00
Rappahannock,S4,"June 7, 2004",68,21.0,3.00
Rappahannock,S4,"June 7, 2004",82,21.3,3.00
Rappahannock,S4,"June 7, 2004",81,21.3,3.00
Rappahannock,S4,"June 7, 2004",91,21.4,3.00
Rappahannock,S4,"June 7, 2004",84,21.5,3.00
Rappahannock,S4,"June 7, 2004",97,21.7,3.00
Rappahannock,S4,"June 7, 2004",103,21.7,3.00
Rappahannock,S4,"June 7, 2004",81,21.7,3.00
Rappahannock,S4,"June 7, 2004",92,22.0,3.00
Rappahannock,S4,"June 7, 2004",118,22.2,3.00
Rappahannock,S4,"June 7, 2004",294,32.3,3.00
Rappahannock,S4,"June 7, 2004",59,22.6,3.00
Rappahannock,S4,"June 7, 2004",101,22.9,3.00
Rappahannock,S4,"June 7, 2004",120,23.2,3.00
Rappahannock,S4,"June 7, 2004",119,23.2,3.00
Rappahannock,S4,"June 7, 2004",96,23.2,3.00
Rappahannock,S4,"June 7, 2004",136,24.1,3.00
Rappahannock,S4,"June 7, 2004",130,24.3,3.00
Rappahannock,S4,"June 7, 2004",141,24.5,3.00
Rappahannock,S4,"June 7, 2004",148,24.9,3.00
Rappahannock,S4,"June 7, 2004",277,31.3,3.00
Rappahannock,S4,"June 7, 2004",254,31.4,3.00
Rappahannock,S4,"June 7, 2004",266,32.9,3.00
Rappahannock,S4,"June 7, 2004",260,33.6,3.00
Rappahannock,S4,"June 7, 2004",281,34.3,3.00
Rappahannock,S4,"June 7, 2004",325,35.6,3.00
Rappahannock,S5,"June 7, 2004",18,17.2,3.50
Rappahannock,S5,"June 7, 2004",78,21.1,3.50
Rappahannock,S5,"June 7, 2004",84,21.2,3.50
Rappahannock,S5,"June 7, 2004",49,21.4,3.50
Rappahannock,S5,"June 7, 2004",57,21.7,3.50
Rappahannock,S5,"June 7, 2004",78,21.7,3.50
Rappahannock,S5,"June 7, 2004",54,22.4,3.50
Rappahannock,S5,"June 7, 2004",106,22.4,3.50
Rappahannock,S8,"June 7, 2004",2,9.6,3.30
Rappahannock,D2,"November 19, 2004",1,7.0,0.60
Rappahannock,D3,"November 19, 2004",6,14.4,2.70
Rappahannock,M13,"November 19, 2004",12,17.8,4.60
Rappahannock,M13,"November 19, 2004",32,20.0,4.60
Rappahannock,M5,"November 19, 2004",38,20.8,2.30
Rappahannock,M5,"November 19, 2004",22,21.0,2.30
Rappahannock,M5,"November 19, 2004",35,21.4,2.30
Rappahannock,M5,"November 19, 2004",45,22.0,2.30
Rappahannock,M5,"November 19, 2004",45,22.0,2.30
Rappahannock,M5,"November 19, 2004",37,23.0,2.30
Rappahannock,M5,"November 19, 2004",42,23.0,2.30
Rappahannock,M5,"November 19, 2004",42,23.0,2.30
Rappahannock,M7,"November 19, 2004",6,11.0,1.50
Rappahannock,M7,"November 19, 2004",8,12.0,1.50
Rappahannock,M9,"November 19, 2004",13,14.0,3.60
Rappahannock,M9,"November 19, 2004",11,16.2,3.60
Rappahannock,M9,"November 19, 2004",22,18.3,3.60
Rappahannock,M9,"November 19, 2004",24,19.0,3.60
Rappahannock,M9,"November 19, 2004",21,20.0,3.60
Rappahannock,M9,"November 19, 2004",10,20.3,3.60
Rappahannock,S0,"November 19, 2004",20,20.0,6.70
Rappahannock,S0,"November 19, 2004",34,21.0,6.70
Rappahannock,S0,"November 19, 2004",29,22.2,6.70
Rappahannock,S0,"November 19, 2004",39,22.3,6.70
Rappahannock,S0,"November 19, 2004",25,22.7,6.70
Rappahannock,S0,"November 19, 2004",44,23.8,6.70
Rappahannock,S0,"November 19, 2004",34,24.0,6.70
Rappahannock,S0,"November 19, 2004",52,24.0,6.70
Rappahannock,S0,"November 19, 2004",35,24.2,6.70
Rappahannock,S0,"November 19, 2004",45,24.9,6.70
Rappahannock,S0,"November 19, 2004",38,25.0,6.70
Rappahannock,S0,"November 19, 2004",135,31.9,6.70
Rappahannock,S1,"November 19, 2004",35,21.9,4.50
Rappahannock,S1,"November 19, 2004",58,22.0,4.50
Rappahannock,S1,"November 19, 2004",63,26.1,4.50
Rappahannock,S10,"November 19, 2004",22,22.0,5.00
Rappahannock,S10,"November 19, 2004",27,22.3,5.00
Rappahannock,S10,"November 19, 2004",29,25.6,5.00
Rappahannock,S10,"November 19, 2004",33,25.7,5.00
Rappahannock,S10,"November 19, 2004",32,26.0,5.00
Rappahannock,S12,"November 19, 2004",24,21.5,4.50
Rappahannock,S12,"November 19, 2004",32,22.4,4.50
Rappahannock,S12,"November 19, 2004",31,23.0,4.50
Rappahannock,S12,"November 19, 2004",37,24.0,4.50
Rappahannock,S16,"November 19, 2004",3,10.1,4.70
Rappahannock,S16,"November 19, 2004",18,20.5,4.70
Rappahannock,S4,"November 19, 2004",48,23.0,3.00
Rappahannock,S4,"November 19, 2004",25,18.7,3.00
Rappahannock,S4,"November 19, 2004",17,20.1,3.00
Rappahannock,S4,"November 19, 2004",19,22.0,3.00
Rappahannock,S4,"November 19, 2004",32,22.0,3.00
Rappahannock,S4,"November 19, 2004",33,23.0,3.00
Rappahannock,S4,"November 19, 2004",39,23.4,3.00
Rappahannock,S4,"November 19, 2004",25,23.6,3.00
Rappahannock,S4,"November 19, 2004",32,23.9,3.00
Rappahannock,S4,"November 19, 2004",42,24.1,3.00
Rappahannock,S4,"November 19, 2004",60,24.6,3.00
Rappahannock,S4,"November 19, 2004",39,25.0,3.00
Rappahannock,S4,"November 19, 2004",54,25.1,3.00
Rappahannock,S4,"November 19, 2004",48,25.8,3.00
Rappahannock,S4,"November 19, 2004",47,26.1,3.00
Rappahannock,S4,"November 19, 2004",59,27.6,3.00
Rappahannock,S4,"November 19, 2004",84,29.8,3.00
Rappahannock,S4,"November 19, 2004",86,30.3,3.00
Rappahannock,S4,"November 19, 2004",83,31.2,3.00
Rappahannock,S4,"November 19, 2004",315,36.0,3.00
Rappahannock,S5,"November 19, 2004",9,14.1,3.50
Rappahannock,S5,"November 19, 2004",18,19.1,3.50
Rappahannock,S5,"November 19, 2004",33,19.9,3.50
Rappahannock,S5,"November 19, 2004",53,24.9,3.50
Rappahannock,S5,"November 19, 2004",51,25.1,3.50
Rappahannock,S5,"November 19, 2004",39,25.3,3.50
Rappahannock,S8,"November 19, 2004",6,12.3,3.30
Rappahannock,S9,"November 19, 2004",8,14.0,3.60
York,D1,"May 25, 2004",4,10.3,1.75
York,D1,"May 25, 2004",209,26.9,1.75
York,D10,"May 25, 2004",5,10.6,1.08
York,D10,"May 25, 2004",2,8.0,1.08
York,D3,"May 25, 2004",21,14.3,1.77
York,D3,"May 25, 2004",11,11.1,1.77
York,D3,"May 25, 2004",7,10.5,1.77
York,D3,"May 25, 2004",461,30.2,1.77
York,D3,"May 25, 2004",378,29.6,1.77
York,D5,"May 25, 2004",10,11.9,2.74
York,D5,"May 25, 2004",8,10.7,2.74
York,D5,"May 25, 2004",5,9.4,2.74
York,D5,"May 25, 2004",9,10.2,2.74
York,D5,"May 25, 2004",7,10.8,2.74
York,D5,"May 25, 2004",19,13.9,2.74
York,D5,"May 25, 2004",6,10.0,2.74
York,D5,"May 25, 2004",6,10.2,2.74
York,D7,"May 25, 2004",3,10.2,3.14
York,D7,"May 25, 2004",5,9.9,3.14
York,D7,"May 25, 2004",4,9.7,3.14
York,D7,"May 25, 2004",4,10.0,3.14
York,D7,"May 25, 2004",2,9.0,3.14
York,D7,"May 25, 2004",5,9.0,3.14
York,D7,"May 25, 2004",5,10.6,3.14
York,D7,"May 25, 2004",5,10.0,3.14
York,D7,"May 25, 2004",7,12.0,3.14
York,D7,"May 25, 2004",5,10.0,3.14
York,D7,"May 25, 2004",5,10.0,3.14
York,D7,"May 25, 2004",4,10.4,3.14
York,D7,"May 25, 2004",6,11.0,3.14
York,D7,"May 25, 2004",5,10.6,3.14
York,D7,"May 25, 2004",3,9.6,3.14
York,D8,"May 25, 2004",15,13.0,1.43
York,D8,"May 25, 2004",14,13.0,1.43
York,D8,"May 25, 2004",13,13.0,1.43
York,D8,"May 25, 2004",13,12.8,1.43
York,D8,"May 25, 2004",7,11.4,1.43
York,D8,"May 25, 2004",5,9.6,1.43
York,D8,"May 25, 2004",27,15.5,1.43
York,D8,"May 25, 2004",14,13.8,1.43
York,D8,"May 25, 2004",22,14.0,1.43
York,D8,"May 25, 2004",11,12.2,1.43
York,D8,"May 25, 2004",25,16.4,1.43
York,D8,"May 25, 2004",26,15.0,1.43
York,D8,"May 25, 2004",5,11.0,1.43
York,D9,"May 25, 2004",2,7.0,2.13
York,D9,"May 25, 2004",2,9.0,2.13
York,M0,"May 25, 2004",217,25.9,3.44
York,M0,"May 25, 2004",113,22.5,3.44
York,M0,"May 25, 2004",7,10.8,3.44
York,M0,"May 25, 2004",9,12.0,3.44
York,M0,"May 25, 2004",4,10.0,3.44
York,M0,"May 25, 2004",8,10.7,3.44
York,M0,"May 25, 2004",9,10.4,3.44
York,M0,"May 25, 2004",7,10.0,3.44
York,M0,"May 25, 2004",5,9.9,3.44
York,M0,"May 25, 2004",5,10.6,3.44
York,M0,"May 25, 2004",5,10.0,3.44
York,M1,"May 25, 2004",9,12.9,3.91
York,M1,"May 25, 2004",10,12.4,3.91
York,M1,"May 25, 2004",7,11.1,3.91
York,M1,"May 25, 2004",13,12.8,3.91
York,M1,"May 25, 2004",6,11.1,3.91
York,M1,"May 25, 2004",9,12.0,3.91
York,M1,"May 25, 2004",8,10.2,3.91
York,M1,"May 25, 2004",9,10.7,3.91
York,M1,"May 25, 2004",13,13.2,3.91
York,M1,"May 25, 2004",12,12.4,3.91
York,M1,"May 25, 2004",17,13.6,3.91
York,M1,"May 25, 2004",16,12.8,3.91
York,M1,"May 25, 2004",4,9.5,3.91
York,M1,"May 25, 2004",7,10.1,3.91
York,M1,"May 25, 2004",6,10.0,3.91
York,M1,"May 25, 2004",6,10.4,3.91
York,M1,"May 25, 2004",7,11.2,3.91
York,M1,"May 25, 2004",8,11.8,3.91
York,M1,"May 25, 2004",11,12.7,3.91
York,M1,"May 25, 2004",7,11.5,3.91
York,M1,"May 25, 2004",10,12.0,3.91
York,M1,"May 25, 2004",4,9.5,3.91
York,M1,"May 25, 2004",10,12.4,3.91
York,M1,"May 25, 2004",7,11.4,3.91
York,M10,"May 25, 2004",4,10.0,3.54
York,M10,"May 25, 2004",4,10.0,3.54
York,M10,"May 25, 2004",12,14.2,3.54
York,M10,"May 25, 2004",10,12.0,3.54
York,M10,"May 25, 2004",6,10.3,3.54
York,M10,"May 25, 2004",5,10.5,3.54
York,M2,"May 25, 2004",22,14.7,3.13
York,M2,"May 25, 2004",12,12.3,3.13
York,M2,"May 25, 2004",13,12.3,3.13
York,M2,"May 25, 2004",19,13.6,3.13
York,M2,"May 25, 2004",13,12.2,3.13
York,M2,"May 25, 2004",10,12.4,3.13
York,M2,"May 25, 2004",10,11.0,3.13
York,M2,"May 25, 2004",6,10.2,3.13
York,M2,"May 25, 2004",9,12.0,3.13
York,M2,"May 25, 2004",14,12.6,3.13
York,M2,"May 25, 2004",6,11.0,3.13
York,M2,"May 25, 2004",10,11.2,3.13
York,M2,"May 25, 2004",15,13.7,3.13
York,M2,"May 25, 2004",15,12.9,3.13
York,M2,"May 25, 2004",156,23.6,3.13
York,M2,"May 25, 2004",188,23.3,3.13
York,M2,"May 25, 2004",159,25.3,3.13
York,M2,"May 25, 2004",18,13.8,3.13
York,M2,"May 25, 2004",3,9.0,3.13
York,M2,"May 25, 2004",9,12.2,3.13
York,M2,"May 25, 2004",8,11.7,3.13
York,M2,"May 25, 2004",16,12.2,3.13
York,M2,"May 25, 2004",10,12.0,3.13
York,M2,"May 25, 2004",5,11.3,3.13
York,M2,"May 25, 2004",2,9.0,3.13
York,M3,"May 25, 2004",5,10.3,3.27
York,M3,"May 25, 2004",9,11.5,3.27
York,M3,"May 25, 2004",7,10.7,3.27
York,M3,"May 25, 2004",6,10.5,3.27
York,M3,"May 25, 2004",7,10.5,3.27
York,M3,"May 25, 2004",8,11.0,3.27
York,M3,"May 25, 2004",2,9.0,3.27
York,M4,"May 25, 2004",4,9.9,2.99
York,M6,"May 25, 2004",13,13.1,3.40
York,M6,"May 25, 2004",8,10.8,3.40
York,M6,"May 25, 2004",10,12.0,3.40
York,M6,"May 25, 2004",9,11.4,3.40
York,M6,"May 25, 2004",8,10.7,3.40
York,M6,"May 25, 2004",244,25.6,3.40
York,M6,"May 25, 2004",278,26.6,3.40
York,M6,"May 25, 2004",10,12.2,3.40
York,M6,"May 25, 2004",13,12.9,3.40
York,M6,"May 25, 2004",14,12.8,3.40
York,M6,"May 25, 2004",12,12.8,3.40
York,M6,"May 25, 2004",21,14.7,3.40
York,M6,"May 25, 2004",14,13.6,3.40
York,M6,"May 25, 2004",7,10.4,3.40
York,M6,"May 25, 2004",5,10.4,3.40
York,M6,"May 25, 2004",10,11.5,3.40
York,M6,"May 25, 2004",7,10.0,3.40
York,M6,"May 25, 2004",16,14.4,3.40
York,M6,"May 25, 2004",6,11.2,3.40
York,M6,"May 25, 2004",9,12.0,3.40
York,M6,"May 25, 2004",13,12.3,3.40
York,M6,"May 25, 2004",13,13.4,3.40
York,M6,"May 25, 2004",24,12.9,3.40
York,M6,"May 25, 2004",12,11.9,3.40
York,M6,"May 25, 2004",8,11.4,3.40
York,M6,"May 25, 2004",8,10.4,3.40
York,M6,"May 25, 2004",14,13.5,3.40
York,M6,"May 25, 2004",11,12.0,3.40
York,M6,"May 25, 2004",4,9.0,3.40
York,M7,"May 25, 2004",40,18.6,2.96
York,M7,"May 25, 2004",60,18.2,2.96
York,M7,"May 25, 2004",28,15.3,2.96
York,M7,"May 25, 2004",28,15.2,2.96
York,M7,"May 25, 2004",58,17.3,2.96
York,M7,"May 25, 2004",34,15.9,2.96
York,M7,"May 25, 2004",94,19.5,2.96
York,M7,"May 25, 2004",79,19.6,2.96
York,M7,"May 25, 2004",97,19.5,2.96
York,M7,"May 25, 2004",90,19.4,2.96
York,M7,"May 25, 2004",6,9.8,2.96
York,M7,"May 25, 2004",4,9.1,2.96
York,M7,"May 25, 2004",84,20.1,2.96
York,M7,"May 25, 2004",47,19.0,2.96
York,M7,"May 25, 2004",89,20.7,2.96
York,M7,"May 25, 2004",97,20.9,2.96
York,M7,"May 25, 2004",106,22.7,2.96
York,M7,"May 25, 2004",99,21.0,2.96
York,M7,"May 25, 2004",95,20.3,2.96
York,M7,"May 25, 2004",41,18.4,2.96
York,M7,"May 25, 2004",16,15.5,2.96
York,M7,"May 25, 2004",17,14.1,2.96
York,M8,"May 25, 2004",8,11.7,3.49
York,M8,"May 25, 2004",7,11.0,3.49
York,M8,"May 25, 2004",6,11.4,3.49
York,M8,"May 25, 2004",5,9.0,3.49
York,S0,"May 25, 2004",73,21.2,4.18
York,S0,"May 25, 2004",73,20.0,4.18
York,S0,"May 25, 2004",64,20.0,4.18
York,S0,"May 25, 2004",76,21.7,4.18
York,S0,"May 25, 2004",69,20.1,4.18
York,S0,"May 25, 2004",71,20.3,4.18
York,S0,"May 25, 2004",64,19.7,4.18
York,S10,"May 25, 2004",4,8.6,4.18
York,S10,"May 25, 2004",143,21.9,4.18
York,S10,"May 25, 2004",124,21.5,4.18
York,S10,"May 25, 2004",167,23.3,4.18
York,S10,"May 25, 2004",227,25.3,4.18
York,S10,"May 25, 2004",114,21.5,4.18
York,S10,"May 25, 2004",132,20.4,4.18
York,S10,"May 25, 2004",224,24.7,4.18
York,S10,"May 25, 2004",146,22.9,4.18
York,S10,"May 25, 2004",232,25.3,4.18
York,S10,"May 25, 2004",181,23.4,4.18
York,S10,"May 25, 2004",184,22.7,4.18
York,S10,"May 25, 2004",195,24.1,4.18
York,S10,"May 25, 2004",264,26.2,4.18
York,S10,"May 25, 2004",5,10.0,4.18
York,S10,"May 25, 2004",5,9.4,4.18
York,S11,"May 25, 2004",12,12.2,4.75
York,S11,"May 25, 2004",7,10.7,4.75
York,S11,"May 25, 2004",19,14.4,4.75
York,S11,"May 25, 2004",4,10.2,4.75
York,S12,"May 25, 2004",71,20.0,4.97
York,S12,"May 25, 2004",72,20.5,4.97
York,S12,"May 25, 2004",36,17.3,4.97
York,S12,"May 25, 2004",3,9.4,4.97
York,S12,"May 25, 2004",116,22.6,4.97
York,S12,"May 25, 2004",95,20.8,4.97
York,S12,"May 25, 2004",90,20.8,4.97
York,S12,"May 25, 2004",97,21.7,4.97
York,S12,"May 25, 2004",103,20.5,4.97
York,S12,"May 25, 2004",98,21.1,4.97
York,S12,"May 25, 2004",128,22.5,4.97
York,S12,"May 25, 2004",99,21.1,4.97
York,S12,"May 25, 2004",111,20.7,4.97
York,S12,"May 25, 2004",147,23.9,4.97
York,S12,"May 25, 2004",129,24.9,4.97
York,S12,"May 25, 2004",104,22.5,4.97
York,S12,"May 25, 2004",130,21.6,4.97
York,S12,"May 25, 2004",83,20.2,4.97
York,S12,"May 25, 2004",137,22.3,4.97
York,S12,"May 25, 2004",87,20.7,4.97
York,S12,"May 25, 2004",146,22.9,4.97
York,S12,"May 25, 2004",98,21.5,4.97
York,S12,"May 25, 2004",141,22.5,4.97
York,S12,"May 25, 2004",67,18.8,4.97
York,S12,"May 25, 2004",66,20.3,4.97
York,S12,"May 25, 2004",100,21.0,4.97
York,S12,"May 25, 2004",97,21.5,4.97
York,S12,"May 25, 2004",109,22.1,4.97
York,S12,"May 25, 2004",120,23.0,4.97
York,S12,"May 25, 2004",106,22.1,4.97
York,S12,"May 25, 2004",114,21.7,4.97
York,S2,"May 25, 2004",6,11.4,4.67
York,S2,"May 25, 2004",15,15.0,4.67
York,S2,"May 25, 2004",12,14.0,4.67
York,S2,"May 25, 2004",8,11.4,4.67
York,S2,"May 25, 2004",4,9.8,4.67
York,S3,"May 25, 2004",29,15.7,5.47
York,S3,"May 25, 2004",22,14.4,5.47
York,S3,"May 25, 2004",22,15.0,5.47
York,S3,"May 25, 2004",36,15.6,5.47
York,S3,"May 25, 2004",23,14.4,5.47
York,S3,"May 25, 2004",25,14.7,5.47
York,S3,"May 25, 2004",19,14.0,5.47
York,S3,"May 25, 2004",16,13.2,5.47
York,S3,"May 25, 2004",13,12.5,5.47
York,S3,"May 25, 2004",346,28.6,5.47
York,S3,"May 25, 2004",16,13.3,5.47
York,S3,"May 25, 2004",19,13.6,5.47
York,S3,"May 25, 2004",21,13.9,5.47
York,S3,"May 25, 2004",18,13.1,5.47
York,S3,"May 25, 2004",20,14.0,5.47
York,S3,"May 25, 2004",12,12.3,5.47
York,S3,"May 25, 2004",11,12.0,5.47
York,S3,"May 25, 2004",10,11.4,5.47
York,S3,"May 25, 2004",9,12.9,5.47
York,S3,"May 25, 2004",34,16.6,5.47
York,S3,"May 25, 2004",36,16.2,5.47
York,S3,"May 25, 2004",20,13.7,5.47
York,S3,"May 25, 2004",31,15.8,5.47
York,S3,"May 25, 2004",32,16.8,5.47
York,S3,"May 25, 2004",16,13.0,5.47
York,S3,"May 25, 2004",32,16.7,5.47
York,S3,"May 25, 2004",33,15.4,5.47
York,S3,"May 25, 2004",36,16.2,5.47
York,S3,"May 25, 2004",24,14.9,5.47
York,S3,"May 25, 2004",26,15.2,5.47
York,S3,"May 25, 2004",19,14.4,5.47
York,S3,"May 25, 2004",11,12.0,5.47
York,S4,"May 25, 2004",8,10.0,3.93
York,S4,"May 25, 2004",6,10.2,3.93
York,S4,"May 25, 2004",3,7.7,3.93
York,S4,"May 25, 2004",10,11.2,3.93
York,S4,"May 25, 2004",2,4.7,3.93
York,S4,"May 25, 2004",99,21.2,3.93
York,S4,"May 25, 2004",129,22.3,3.93
York,S4,"May 25, 2004",156,23.9,3.93
York,S4,"May 25, 2004",163,24.4,3.93
York,S4,"May 25, 2004",169,26.1,3.93
York,S4,"May 25, 2004",131,22.4,3.93
York,S4,"May 25, 2004",171,24.2,3.93
York,S4,"May 25, 2004",122,22.9,3.93
York,S4,"May 25, 2004",216,28.6,3.93
York,S4,"May 25, 2004",221,26.1,3.93
York,S4,"May 25, 2004",254,26.3,3.93
York,S4,"May 25, 2004",191,26.7,3.93
York,S4,"May 25, 2004",202,26.5,3.93
York,S4,"May 25, 2004",130,22.8,3.93
York,S4,"May 25, 2004",179,25.4,3.93
York,S4,"May 25, 2004",174,24.2,3.93
York,S4,"May 25, 2004",166,24.0,3.93
York,S4,"May 25, 2004",6,10.4,3.93
York,S4,"May 25, 2004",152,23.4,3.93
York,S4,"May 25, 2004",215,23.9,3.93
York,S4,"May 25, 2004",175,25.1,3.93
York,S4,"May 25, 2004",156,23.2,3.93
York,S4,"May 25, 2004",149,24.1,3.93
York,S4,"May 25, 2004",133,22.9,3.93
York,S4,"May 25, 2004",162,23.8,3.93
York,S4,"May 25, 2004",139,23.0,3.93
York,S4,"May 25, 2004",387,27.4,3.93
York,S4,"May 25, 2004",2,9.2,3.93
York,S6,"May 25, 2004",1,7.0,3.82
York,S6,"May 25, 2004",74,20.2,3.82
York,S6,"May 25, 2004",84,21.4,3.82
York,S6,"May 25, 2004",100,22.6,3.82
York,S6,"May 25, 2004",144,22.1,3.82
York,S6,"May 25, 2004",103,20.3,3.82
York,S6,"May 25, 2004",87,19.9,3.82
York,S6,"May 25, 2004",66,18.9,3.82
York,S6,"May 25, 2004",344,35.5,3.82
York,S6,"May 25, 2004",5,10.5,3.82
York,S6,"May 25, 2004",86,19.5,3.82
York,S6,"May 25, 2004",65,18.6,3.82
York,S6,"May 25, 2004",78,19.4,3.82
York,S7,"May 25, 2004",155,24.2,4.71
York,S7,"May 25, 2004",218,28.6,4.71
York,S7,"May 25, 2004",213,25.6,4.71
York,S7,"May 25, 2004",135,23.7,4.71
York,S7,"May 25, 2004",128,23.1,4.71
York,S7,"May 25, 2004",5,10.1,4.71
York,S7,"May 25, 2004",4,8.7,4.71
York,S7,"May 25, 2004",2,9.0,4.71
York,S7,"May 25, 2004",128,23.7,4.71
York,S7,"May 25, 2004",129,22.5,4.71
York,S7,"May 25, 2004",185,23.9,4.71
York,S7,"May 25, 2004",174,25.8,4.71
York,S7,"May 25, 2004",107,21.6,4.71
York,S7,"May 25, 2004",129,23.0,4.71
York,S7,"May 25, 2004",57,19.1,4.71
York,S7,"May 25, 2004",50,19.1,4.71
York,S7,"May 25, 2004",144,23.1,4.71
York,S7,"May 25, 2004",62,19.1,4.71
York,S7,"May 25, 2004",103,20.9,4.71
York,S7,"May 25, 2004",54,19.2,4.71
York,S7,"May 25, 2004",78,19.8,4.71
York,S7,"May 25, 2004",68,19.7,4.71
York,S7,"May 25, 2004",51,18.2,4.71
York,S7,"May 25, 2004",112,23.4,4.71
York,S7,"May 25, 2004",74,20.3,4.71
York,S7,"May 25, 2004",63,19.0,4.71
York,S7,"May 25, 2004",75,19.5,4.71
York,S7,"May 25, 2004",58,19.8,4.71
York,S7,"May 25, 2004",73,20.1,4.71
York,S7,"May 25, 2004",60,19.0,4.71
York,S7,"May 25, 2004",119,22.8,4.71
York,S7,"May 25, 2004",124,23.4,4.71
York,S7,"May 25, 2004",95,20.0,4.71
York,S7,"May 25, 2004",103,20.6,4.71
York,S7,"May 25, 2004",85,21.2,4.71
York,S7,"May 25, 2004",52,18.3,4.71
York,S7,"May 25, 2004",47,16.9,4.71
York,S7,"May 25, 2004",52,18.9,4.71
York,S7,"May 25, 2004",8,12.0,4.71
York,S7,"May 25, 2004",33,15.4,4.71
York,S7,"May 25, 2004",65,18.3,4.71
York,S7,"May 25, 2004",63,18.9,4.71
York,S8,"May 25, 2004",21,15.7,3.13
York,S8,"May 25, 2004",13,12.6,3.13
York,S8,"May 25, 2004",15,12.8,3.13
York,S8,"May 25, 2004",12,12.8,3.13
York,S8,"May 25, 2004",10,12.2,3.13
York,S8,"May 25, 2004",11,12.2,3.13
York,S8,"May 25, 2004",8,10.1,3.13
York,S8,"May 25, 2004",6,10.6,3.13
York,S8,"May 25, 2004",6,11.0,3.13
York,S8,"May 25, 2004",15,14.0,3.13
York,S8,"May 25, 2004",10,12.0,3.13
York,S8,"May 25, 2004",10,11.2,3.13
York,S8,"May 25, 2004",17,13.2,3.13
York,S8,"May 25, 2004",12,13.0,3.13
York,S8,"May 25, 2004",20,15.0,3.13
York,S8,"May 25, 2004",10,11.9,3.13
York,S8,"May 25, 2004",12,14.2,3.13
York,S8,"May 25, 2004",10,14.0,3.13
York,S9,"May 25, 2004",40,17.7,4.32
York,S9,"May 25, 2004",31,16.0,4.32
York,S9,"May 25, 2004",19,14.2,4.32
York,S9,"May 25, 2004",3,9.0,4.32
York,S9,"May 25, 2004",7,9.5,4.32
York,S9,"May 25, 2004",51,17.0,4.32
York,S9,"May 25, 2004",55,18.6,4.32
York,S9,"May 25, 2004",61,18.2,4.32
York,S9,"May 25, 2004",56,19.1,4.32
York,S9,"May 25, 2004",57,19.1,4.32
York,S9,"May 25, 2004",50,18.2,4.32
York,S9,"May 25, 2004",69,20.1,4.32
York,S9,"May 25, 2004",76,20.0,4.32
York,S9,"May 25, 2004",67,20.5,4.32
York,S9,"May 25, 2004",80,20.4,4.32
York,S9,"May 25, 2004",53,17.4,4.32
York,S9,"May 25, 2004",53,19.0,4.32
York,S9,"May 25, 2004",51,18.1,4.32
York,S9,"May 25, 2004",46,18.2,4.32
York,D3,"November 4, 2004",46,19.8,1.77
York,D7,"November 4, 2004",7,13.3,3.14
York,D7,"November 4, 2004",10,14.0,3.14
York,D7,"November 4, 2004",21,17.2,3.14
York,D8,"November 4, 2004",22,19.4,1.43
York,D8,"November 4, 2004",48,22.4,1.43
York,M0,"November 4, 2004",10,12.9,3.44
York,M0,"November 4, 2004",11,13.6,3.44
York,M0,"November 4, 2004",11,13.7,3.44
York,M0,"November 4, 2004",13,14.3,3.44
York,M0,"November 4, 2004",16,14.4,3.44
York,M0,"November 4, 2004",12,15.0,3.44
York,M0,"November 4, 2004",15,15.0,3.44
York,M0,"November 4, 2004",18,15.0,3.44
York,M0,"November 4, 2004",16,15.7,3.44
York,M0,"November 4, 2004",17,16.0,3.44
York,M0,"November 4, 2004",18,16.0,3.44
York,M0,"November 4, 2004",14,16.4,3.44
York,M0,"November 4, 2004",17,16.7,3.44
York,M0,"November 4, 2004",23,16.8,3.44
York,M0,"November 4, 2004",20,16.9,3.44
York,M0,"November 4, 2004",21,17.1,3.44
York,M0,"November 4, 2004",21,17.2,3.44
York,M0,"November 4, 2004",17,17.5,3.44
York,M0,"November 4, 2004",22,17.6,3.44
York,M0,"November 4, 2004",22,17.7,3.44
York,M0,"November 4, 2004",39,21.2,3.44
York,M0,"November 4, 2004",60,21.5,3.44
York,M0,"November 4, 2004",39,21.6,3.44
York,M0,"November 4, 2004",38,21.8,3.44
York,M0,"November 4, 2004",42,22.1,3.44
York,M0,"November 4, 2004",39,22.4,3.44
York,M0,"November 4, 2004",40,22.7,3.44
York,M0,"November 4, 2004",48,22.7,3.44
York,M0,"November 4, 2004",48,23.0,3.44
York,M0,"November 4, 2004",48,23.0,3.44
York,M0,"November 4, 2004",34,23.2,3.44
York,M0,"November 4, 2004",38,23.2,3.44
York,M0,"November 4, 2004",47,23.4,3.44
York,M0,"November 4, 2004",42,23.5,3.44
York,M0,"November 4, 2004",44,23.5,3.44
York,M0,"November 4, 2004",61,23.5,3.44
York,M0,"November 4, 2004",58,23.6,3.44
York,M0,"November 4, 2004",50,23.9,3.44
York,M0,"November 4, 2004",42,24.1,3.44
York,M0,"November 4, 2004",55,24.3,3.44
York,M0,"November 4, 2004",51,24.4,3.44
York,M0,"November 4, 2004",49,24.5,3.44
York,M0,"November 4, 2004",64,25.0,3.44
York,M0,"November 4, 2004",57,25.1,3.44
York,M0,"November 4, 2004",60,25.2,3.44
York,M0,"November 4, 2004",59,25.3,3.44
York,M0,"November 4, 2004",61,25.6,3.44
York,M0,"November 4, 2004",69,26.2,3.44
York,M0,"November 4, 2004",62,26.3,3.44
York,M0,"November 4, 2004",87,26.8,3.44
York,M0,"November 4, 2004",74,26.9,3.44
York,M10,"November 4, 2004",18,16.6,3.54
York,M10,"November 4, 2004",35,20.2,3.54
York,M2,"November 4, 2004",10,14.1,3.13
York,M2,"November 4, 2004",17,16.3,3.13
York,M2,"November 4, 2004",27,17.5,3.13
York,M4,"November 4, 2004",16,14.9,2.99
York,M4,"November 4, 2004",16,15.7,2.99
York,M6,"November 4, 2004",26,17.4,3.40
York,M7,"November 4, 2004",19,16.0,2.96
York,M8,"November 4, 2004",8,12.8,3.49
York,M8,"November 4, 2004",7,14.0,3.49
York,M8,"November 4, 2004",13,14.8,3.49
York,S0,"November 4, 2004",5,10.8,4.18
York,S0,"November 4, 2004",6,11.1,4.18
York,S0,"November 4, 2004",5,11.4,4.18
York,S0,"November 4, 2004",8,11.5,4.18
York,S0,"November 4, 2004",8,12.9,4.18
York,S0,"November 4, 2004",12,12.9,4.18
York,S0,"November 4, 2004",7,13.7,4.18
York,S0,"November 4, 2004",12,13.8,4.18
York,S0,"November 4, 2004",12,14.0,4.18
York,S0,"November 4, 2004",12,14.9,4.18
York,S0,"November 4, 2004",15,15.4,4.18
York,S0,"November 4, 2004",17,17.4,4.18
York,S0,"November 4, 2004",43,21.7,4.18
York,S0,"November 4, 2004",50,23.0,4.18
York,S10,"November 4, 2004",31,18.0,4.18
York,S10,"November 4, 2004",45,21.8,4.18
York,S10,"November 4, 2004",69,22.1,4.18
York,S10,"November 4, 2004",58,23.0,4.18
York,S10,"November 4, 2004",84,23.9,4.18
York,S10,"November 4, 2004",69,28.3,4.18
York,S12,"November 4, 2004",9,12.6,4.97
York,S12,"November 4, 2004",11,13.0,4.97
York,S12,"November 4, 2004",11,15.0,4.97
York,S12,"November 4, 2004",19,17.0,4.97
York,S12,"November 4, 2004",44,22.6,4.97
York,S12,"November 4, 2004",45,23.2,4.97
York,S2,"November 4, 2004",18,15.1,4.67
York,S2,"November 4, 2004",14,17.0,4.67
York,S2,"November 4, 2004",20,17.8,4.67
York,S2,"November 4, 2004",24,18.2,4.67
York,S2,"November 4, 2004",24,18.5,4.67
York,S2,"November 4, 2004",26,18.5,4.67
York,S2,"November 4, 2004",29,18.6,4.67
York,S2,"November 4, 2004",31,18.7,4.67
York,S2,"November 4, 2004",28,18.9,4.67
York,S2,"November 4, 2004",43,18.9,4.67
York,S2,"November 4, 2004",34,19.0,4.67
York,S2,"November 4, 2004",30,19.4,4.67
York,S2,"November 4, 2004",33,19.4,4.67
York,S2,"November 4, 2004",39,19.8,4.67
York,S2,"November 4, 2004",45,19.9,4.67
York,S2,"November 4, 2004",52,20.0,4.67
York,S2,"November 4, 2004",35,20.0,4.67
York,S2,"November 4, 2004",38,20.0,4.67
York,S2,"November 4, 2004",27,20.3,4.67
York,S2,"November 4, 2004",40,20.3,4.67
York,S2,"November 4, 2004",32,20.4,4.67
York,S2,"November 4, 2004",35,20.4,4.67
York,S2,"November 4, 2004",31,20.8,4.67
York,S2,"November 4, 2004",30,21.5,4.67
York,S3,"November 4, 2004",19,16.2,5.47
York,S3,"November 4, 2004",21,16.4,5.47
York,S3,"November 4, 2004",29,17.3,5.47
York,S3,"November 4, 2004",14,17.9,5.47
York,S3,"November 4, 2004",21,18.3,5.47
York,S3,"November 4, 2004",28,18.5,5.47
York,S3,"November 4, 2004",31,18.6,5.47
York,S3,"November 4, 2004",32,18.6,5.47
York,S3,"November 4, 2004",38,18.8,5.47
York,S3,"November 4, 2004",36,19.0,5.47
York,S3,"November 4, 2004",29,19.1,5.47
York,S3,"November 4, 2004",32,19.1,5.47
York,S3,"November 4, 2004",40,19.2,5.47
York,S3,"November 4, 2004",45,19.2,5.47
York,S3,"November 4, 2004",26,19.3,5.47
York,S3,"November 4, 2004",33,19.4,5.47
York,S3,"November 4, 2004",45,19.4,5.47
York,S3,"November 4, 2004",42,20.1,5.47
York,S3,"November 4, 2004",32,20.2,5.47
York,S3,"November 4, 2004",46,20.2,5.47
York,S3,"November 4, 2004",43,20.3,5.47
York,S3,"November 4, 2004",48,20.3,5.47
York,S3,"November 4, 2004",23,20.5,5.47
York,S3,"November 4, 2004",30,20.7,5.47
York,S3,"November 4, 2004",42,20.8,5.47
York,S3,"November 4, 2004",42,20.8,5.47
York,S3,"November 4, 2004",47,20.8,5.47
York,S3,"November 4, 2004",47,20.9,5.47
York,S3,"November 4, 2004",46,21.0,5.47
York,S3,"November 4, 2004",48,21.0,5.47
York,S3,"November 4, 2004",55,21.2,5.47
York,S3,"November 4, 2004",42,21.3,5.47
York,S3,"November 4, 2004",49,21.4,5.47
York,S3,"November 4, 2004",50,21.5,5.47
York,S3,"November 4, 2004",56,21.6,5.47
York,S4,"November 4, 2004",7,11.5,3.93
York,S4,"November 4, 2004",7,12.1,3.93
York,S4,"November 4, 2004",16,16.1,3.93
York,S4,"November 4, 2004",19,16.8,3.93
York,S4,"November 4, 2004",23,17.2,3.93
York,S4,"November 4, 2004",25,18.6,3.93
York,S4,"November 4, 2004",29,19.4,3.93
York,S4,"November 4, 2004",66,26.0,3.93
York,S4,"November 4, 2004",73,26.1,3.93
York,S4,"November 4, 2004",78,27.9,3.93
York,S4,"November 4, 2004",88,28.1,3.93
York,S6,"November 4, 2004",21,15.0,3.82
York,S6,"November 4, 2004",22,16.9,3.82
York,S6,"November 4, 2004",26,17.7,3.82
York,S6,"November 4, 2004",17,18.0,3.82
York,S6,"November 4, 2004",18,18.4,3.82
York,S6,"November 4, 2004",35,20.9,3.82
York,S6,"November 4, 2004",38,21.1,3.82
York,S6,"November 4, 2004",34,21.5,3.82
York,S6,"November 4, 2004",41,22.3,3.82
York,S6,"November 4, 2004",47,22.7,3.82
York,S6,"November 4, 2004",43,23.3,3.82
York,S6,"November 4, 2004",54,23.3,3.82
York,S6,"November 4, 2004",41,23.4,3.82
York,S6,"November 4, 2004",65,23.8,3.82
York,S6,"November 4, 2004",41,24.1,3.82
York,S6,"November 4, 2004",51,24.4,3.82
York,S6,"November 4, 2004",55,24.6,3.82
York,S7,"November 4, 2004",9,12.3,4.71
York,S7,"November 4, 2004",15,13.7,4.71
York,S7,"November 4, 2004",39,20.2,4.71
York,S8,"November 4, 2004",16,15.7,3.13
York,S8,"November 4, 2004",14,16.0,3.13
York,S8,"November 4, 2004",15,16.7,3.13
York,S8,"November 4, 2004",24,16.7,3.13
York,S8,"November 4, 2004",17,17.0,3.13
York,S8,"November 4, 2004",26,17.0,3.13
York,S8,"November 4, 2004",30,17.8,3.13
York,S8,"November 4, 2004",33,18.9,3.13
York,S8,"November 4, 2004",23,19.0,3.13
York,S8,"November 4, 2004",23,19.1,3.13
York,S8,"November 4, 2004",32,19.1,3.13
York,S8,"November 4, 2004",16,19.2,3.13
York,S8,"November 4, 2004",34,19.2,3.13
York,S8,"November 4, 2004",18,19.3,3.13
York,S8,"November 4, 2004",30,19.3,3.13
York,S8,"November 4, 2004",31,19.3,3.13
York,S8,"November 4, 2004",41,19.8,3.13
York,S8,"November 4, 2004",57,21.0,3.13
York,S8,"November 4, 2004",38,21.4,3.13
York,S8,"November 4, 2004",54,21.7,3.13
York,S8,"November 4, 2004",47,22.0,3.13
York,S9,"November 4, 2004",10,12.4,4.32
York,S9,"November 4, 2004",11,13.5,4.32
York,S9,"November 4, 2004",12,14.2,4.32
York,S9,"November 4, 2004",15,15.0,4.32
York,S9,"November 4, 2004",13,15.2,4.32
York,S9,"November 4, 2004",13,15.3,4.32
York,S9,"November 4, 2004",14,15.6,4.32
York,S9,"November 4, 2004",18,15.8,4.32
York,S9,"November 4, 2004",18,15.9,4.32
York,S9,"November 4, 2004",15,16.1,4.32
York,S9,"November 4, 2004",19,16.4,4.32
York,S9,"November 4, 2004",18,16.6,4.32
York,S9,"November 4, 2004",19,16.7,4.32
York,S9,"November 4, 2004",15,16.8,4.32
York,S9,"November 4, 2004",17,16.9,4.32
York,S9,"November 4, 2004",17,17.0,4.32
York,S9,"November 4, 2004",23,17.4,4.32
York,S9,"November 4, 2004",18,18.0,4.32
York,S9,"November 4, 2004",21,18.4,4.32
York,S9,"November 4, 2004",29,19.7,4.32
York,S9,"November 4, 2004",33,20.1,4.32
York,S9,"November 4, 2004",34,20.6,4.32
York,S9,"November 4, 2004",32,20.8,4.32
York,S9,"November 4, 2004",40,21.2,4.32
York,S9,"November 4, 2004",34,21.4,4.32
York,S9,"November 4, 2004",33,21.7,4.32
York,S9,"November 4, 2004",40,21.7,4.32
York,S9,"November 4, 2004",36,21.8,4.32
York,S9,"November 4, 2004",45,21.9,4.32
York,S9,"November 4, 2004",41,22.0,4.32
York,S9,"November 4, 2004",43,22.1,4.32
York,S9,"November 4, 2004",49,22.5,4.32
York,S9,"November 4, 2004",41,22.8,4.32
York,S9,"November 4, 2004",44,22.8,4.32
York,S9,"November 4, 2004",47,22.9,4.32
York,S9,"November 4, 2004",44,23.0,4.32
York,S9,"November 4, 2004",46,23.0,4.32
York,S9,"November 4, 2004",41,23.1,4.32
York,S9,"November 4, 2004",38,23.2,4.32
York,S9,"November 4, 2004",47,23.2,4.32
York,S9,"November 4, 2004",49,23.3,4.32
York,S9,"November 4, 2004",54,23.3,4.32
York,S9,"November 4, 2004",44,23.6,4.32
York,S9,"November 4, 2004",49,23.6,4.32
York,S9,"November 4, 2004",37,23.7,4.32
York,S9,"November 4, 2004",65,23.8,4.32
York,S9,"November 4, 2004",42,23.9,4.32
York,S9,"November 4, 2004",40,24.0,4.32
York,S9,"November 4, 2004",48,24.1,4.32
York,S9,"November 4, 2004",46,25.0,4.32
York,S9,"November 4, 2004",90,25.0,4.32
York,S9,"November 4, 2004",45,25.1,4.32
York,S9,"November 4, 2004",56,25.2,4.32
York,S9,"November 4, 2004",75,29.1,4.32
York,S9,"November 4, 2004",104,30.0,4.32
York,S9,"November 4, 2004",99,30.8,4.32
