River,Site,Date,Average DO (mg/L),Shell length (mm)
York,D8,"November 4, 2004",1.43,22.4
York,D8,"November 4, 2004",1.43,19.4
York,D3,"November 4, 2004",1.77,19.9
York,M7,"November 4, 2004",2.96,16
York,M7,"November 4, 2004",2.96,15.3
York,M7,"November 4, 2004",2.96,17.1
York,M7,"November 4, 2004",2.96,16.9
York,M4,"November 4, 2004",2.99,17.5
York,M4,"November 4, 2004",2.99,14.9
York,M4,"November 4, 2004",2.99,15.7
York,S8,"November 4, 2004",3.13,16.6
York,S8,"November 4, 2004",3.13,15.7
York,S8,"November 4, 2004",3.13,21
York,S8,"November 4, 2004",3.13,19.3
York,S8,"November 4, 2004",3.13,19.7
York,S8,"November 4, 2004",3.13,19.2
York,S8,"November 4, 2004",3.13,16.8
York,S8,"November 4, 2004",3.13,22.1
York,S8,"November 4, 2004",3.13,20.7
York,S8,"November 4, 2004",3.13,19.7
York,S8,"November 4, 2004",3.13,16.3
York,S8,"November 4, 2004",3.13,17.2
York,S8,"November 4, 2004",3.13,19
York,S8,"November 4, 2004",3.13,19.2
York,S8,"November 4, 2004",3.13,19.4
York,S8,"November 4, 2004",3.13,16.9
York,S8,"November 4, 2004",3.13,19.2
York,S8,"November 4, 2004",3.13,18.1
York,S8,"November 4, 2004",3.13,19.5
York,S8,"November 4, 2004",3.13,19.3
York,M2,"November 4, 2004",3.13,17.8
York,M2,"November 4, 2004",3.13,16.3
York,M2,"November 4, 2004",3.13,14.1
York,S8,"November 4, 2004",3.13,21.4
York,S8,"November 4, 2004",3.13,21.7
York,D7,"November 4, 2004",3.14,14
York,D7,"November 4, 2004",3.14,7.6
York,D7,"November 4, 2004",3.14,17
York,D7,"November 4, 2004",3.14,17.2
York,D7,"November 4, 2004",3.14,11
York,D7,"November 4, 2004",3.14,4.5
York,D7,"November 4, 2004",3.14,15
York,D7,"November 4, 2004",3.14,13.4
York,M6,"November 4, 2004",3.40,17.2
York,M0,"November 4, 2004",3.44,25.8
York,M0,"November 4, 2004",3.44,26.9
York,M0,"November 4, 2004",3.44,23.6
York,M0,"November 4, 2004",3.44,22.3
York,M0,"November 4, 2004",3.44,26.6
York,M0,"November 4, 2004",3.44,22.6
York,M0,"November 4, 2004",3.44,25.2
York,M0,"November 4, 2004",3.44,22
York,M0,"November 4, 2004",3.44,25.1
York,M0,"November 4, 2004",3.44,24.5
York,M0,"November 4, 2004",3.44,25.3
York,M0,"November 4, 2004",3.44,24
York,M0,"November 4, 2004",3.44,22.3
York,M0,"November 4, 2004",3.44,22
York,M0,"November 4, 2004",3.44,25.2
York,M0,"November 4, 2004",3.44,22
York,M0,"November 4, 2004",3.44,24
York,M0,"November 4, 2004",3.44,25
York,M0,"November 4, 2004",3.44,21.4
York,M0,"November 4, 2004",3.44,14.9
York,M0,"November 4, 2004",3.44,17.4
York,M0,"November 4, 2004",3.44,17
York,M0,"November 4, 2004",3.44,14.8
York,M0,"November 4, 2004",3.44,17
York,M0,"November 4, 2004",3.44,15.2
York,M0,"November 4, 2004",3.44,17.7
York,M0,"November 4, 2004",3.44,13.5
York,M0,"November 4, 2004",3.44,15
York,M0,"November 4, 2004",3.44,13.3
York,M0,"November 4, 2004",3.44,14.8
York,M0,"November 4, 2004",3.44,13.9
York,M0,"November 4, 2004",3.44,14.3
York,M0,"November 4, 2004",3.44,10.3
York,M0,"November 4, 2004",3.44,11.3
York,M0,"November 4, 2004",3.44,16.3
York,M0,"November 4, 2004",3.44,11.8
York,M0,"November 4, 2004",3.44,12.3
York,M0,"November 4, 2004",3.44,24.6
York,M0,"November 4, 2004",3.44,22.1
York,M0,"November 4, 2004",3.44,22.3
York,M0,"November 4, 2004",3.44,24
York,M0,"November 4, 2004",3.44,24.6
York,M0,"November 4, 2004",3.44,23.5
York,M0,"November 4, 2004",3.44,26.3
York,M0,"November 4, 2004",3.44,21.4
York,M0,"November 4, 2004",3.44,22.2
York,M0,"November 4, 2004",3.44,27.1
York,M0,"November 4, 2004",3.44,25.7
York,M0,"November 4, 2004",3.44,26.8
York,M0,"November 4, 2004",3.44,27.1
York,M0,"November 4, 2004",3.44,24.1
York,M0,"November 4, 2004",3.44,17
York,M0,"November 4, 2004",3.44,14
York,M0,"November 4, 2004",3.44,24.1
York,M0,"November 4, 2004",3.44,23.1
York,M0,"November 4, 2004",3.44,24.5
York,M0,"November 4, 2004",3.44,27.1
York,M0,"November 4, 2004",3.44,23.5
York,M0,"November 4, 2004",3.44,17.5
York,M0,"November 4, 2004",3.44,23.6
York,M0,"November 4, 2004",3.44,17.1
York,M0,"November 4, 2004",3.44,16.8
York,M0,"November 4, 2004",3.44,15
York,M0,"November 4, 2004",3.44,23.1
York,M0,"November 4, 2004",3.44,14.5
York,M0,"November 4, 2004",3.44,17.2
York,M0,"November 4, 2004",3.44,21.6
York,M0,"November 4, 2004",3.44,15.5
York,M0,"November 4, 2004",3.44,16.4
York,M0,"November 4, 2004",3.44,12.9
York,M0,"November 4, 2004",3.44,13.3
York,M0,"November 4, 2004",3.44,13
York,M0,"November 4, 2004",3.44,16.1
York,M0,"November 4, 2004",3.44,16.8
York,M0,"November 4, 2004",3.44,16.5
York,M0,"November 4, 2004",3.44,25.2
York,M0,"November 4, 2004",3.44,23.6
York,M0,"November 4, 2004",3.44,17.2
York,M0,"November 4, 2004",3.44,22.7
York,M0,"November 4, 2004",3.44,16.1
York,M0,"November 4, 2004",3.44,12
York,M0,"November 4, 2004",3.44,17.2
York,M0,"November 4, 2004",3.44,23.1
York,M0,"November 4, 2004",3.44,25.6
York,M0,"November 4, 2004",3.44,14.8
York,M0,"November 4, 2004",3.44,14.2
York,M0,"November 4, 2004",3.44,9.1
York,M0,"November 4, 2004",3.44,21.2
York,M0,"November 4, 2004",3.44,23.5
York,M0,"November 4, 2004",3.44,4.5
York,M0,"November 4, 2004",3.44,13.7
York,M0,"November 4, 2004",3.44,24.9
York,M8,"November 4, 2004",3.49,14.8
York,M8,"November 4, 2004",3.49,12.7
York,M10,"November 4, 2004",3.54,16.6
York,M10,"November 4, 2004",3.54,20.2
York,S6,"November 4, 2004",3.82,23.6
York,S6,"November 4, 2004",3.82,22.5
York,S6,"November 4, 2004",3.82,24.5
York,S6,"November 4, 2004",3.82,16.9
York,S6,"November 4, 2004",3.82,22.7
York,S6,"November 4, 2004",3.82,15
York,S6,"November 4, 2004",3.82,22.6
York,S6,"November 4, 2004",3.82,25.1
York,S6,"November 4, 2004",3.82,23.3
York,S6,"November 4, 2004",3.82,18
York,S6,"November 4, 2004",3.82,15
York,S6,"November 4, 2004",3.82,23.1
York,S6,"November 4, 2004",3.82,21.1
York,S6,"November 4, 2004",3.82,21.3
York,S6,"November 4, 2004",3.82,18.4
York,S6,"November 4, 2004",3.82,22.6
York,S6,"November 4, 2004",3.82,24.4
York,S6,"November 4, 2004",3.82,21.5
York,S4,"November 4, 2004",3.93,28.2
York,S4,"November 4, 2004",3.93,18.6
York,S4,"November 4, 2004",3.93,26
York,S4,"November 4, 2004",3.93,27.9
York,S4,"November 4, 2004",3.93,24.1
York,S4,"November 4, 2004",3.93,19.4
York,S0,"November 4, 2004",4.18,13
York,S0,"November 4, 2004",4.18,12
York,S0,"November 4, 2004",4.18,13.6
York,S0,"November 4, 2004",4.18,12.8
York,S0,"November 4, 2004",4.18,12.8
York,S0,"November 4, 2004",4.18,12
York,S0,"November 4, 2004",4.18,21.9
York,S0,"November 4, 2004",4.18,14.7
York,S0,"November 4, 2004",4.18,11.4
York,S0,"November 4, 2004",4.18,13.3
York,S0,"November 4, 2004",4.18,14
York,S0,"November 4, 2004",4.18,21.9
York,S0,"November 4, 2004",4.18,10.9
York,S0,"November 4, 2004",4.18,12
York,S0,"November 4, 2004",4.18,13.4
York,S0,"November 4, 2004",4.18,15.1
York,S0,"November 4, 2004",4.18,11.3
York,S0,"November 4, 2004",4.18,15.4
York,S0,"November 4, 2004",4.18,13.7
York,S0,"November 4, 2004",4.18,17.4
York,S0,"November 4, 2004",4.18,15.2
York,S10,"November 4, 2004",4.18,18.1
York,S10,"November 4, 2004",4.18,22.4
York,S10,"November 4, 2004",4.18,13.8
York,S10,"November 4, 2004",4.18,28.2
York,S10,"November 4, 2004",4.18,21.8
York,S10,"November 4, 2004",4.18,22.1
York,S9,"November 4, 2004",4.32,21.9
York,S9,"November 4, 2004",4.32,24.2
York,S9,"November 4, 2004",4.32,15
York,S9,"November 4, 2004",4.32,22.3
York,S9,"November 4, 2004",4.32,22.7
York,S9,"November 4, 2004",4.32,29.9
York,S9,"November 4, 2004",4.32,15.8
York,S9,"November 4, 2004",4.32,23.3
York,S9,"November 4, 2004",4.32,22.3
York,S9,"November 4, 2004",4.32,23
York,S9,"November 4, 2004",4.32,15
York,S9,"November 4, 2004",4.32,19.8
York,S9,"November 4, 2004",4.32,14.4
York,S9,"November 4, 2004",4.32,7
York,S9,"November 4, 2004",4.32,13.4
York,S9,"November 4, 2004",4.32,22.2
York,S9,"November 4, 2004",4.32,24.9
York,S9,"November 4, 2004",4.32,22.4
York,S9,"November 4, 2004",4.32,23.9
York,S9,"November 4, 2004",4.32,23
York,S9,"November 4, 2004",4.32,23.6
York,S9,"November 4, 2004",4.32,23.1
York,S9,"November 4, 2004",4.32,15.3
York,S9,"November 4, 2004",4.32,12.7
York,S9,"November 4, 2004",4.32,14
York,S9,"November 4, 2004",4.32,22
York,S9,"November 4, 2004",4.32,21.9
York,S9,"November 4, 2004",4.32,23.2
York,S9,"November 4, 2004",4.32,23.3
York,S9,"November 4, 2004",4.32,21.2
York,S9,"November 4, 2004",4.32,17
York,S9,"November 4, 2004",4.32,30.8
York,S9,"November 4, 2004",4.32,23.5
York,S9,"November 4, 2004",4.32,24
York,S9,"November 4, 2004",4.32,15.2
York,S9,"November 4, 2004",4.32,15
York,S9,"November 4, 2004",4.32,23.6
York,S9,"November 4, 2004",4.32,20.2
York,S9,"November 4, 2004",4.32,23.7
York,S9,"November 4, 2004",4.32,16.6
York,S9,"November 4, 2004",4.32,14
York,S9,"November 4, 2004",4.32,14
York,S9,"November 4, 2004",4.32,21.2
York,S9,"November 4, 2004",4.32,11.1
York,S9,"November 4, 2004",4.32,23.3
York,S9,"November 4, 2004",4.32,17
York,S9,"November 4, 2004",4.32,16.2
York,S9,"November 4, 2004",4.32,20.8
York,S9,"November 4, 2004",4.32,16.6
York,S9,"November 4, 2004",4.32,14.3
York,S9,"November 4, 2004",4.32,13
York,S9,"November 4, 2004",4.32,16.7
York,S9,"November 4, 2004",4.32,13
York,S9,"November 4, 2004",4.32,10
York,S9,"November 4, 2004",4.32,14.2
York,S9,"November 4, 2004",4.32,25.1
York,S9,"November 4, 2004",4.32,14
York,S9,"November 4, 2004",4.32,21.6
York,S9,"November 4, 2004",4.32,16.1
York,S9,"November 4, 2004",4.32,20
York,S9,"November 4, 2004",4.32,16.6
York,S9,"November 4, 2004",4.32,15.9
York,S9,"November 4, 2004",4.32,17
York,S9,"November 4, 2004",4.32,14
York,S9,"November 4, 2004",4.32,24.1
York,S9,"November 4, 2004",4.32,17
York,S9,"November 4, 2004",4.32,14.2
York,S9,"November 4, 2004",4.32,17
York,S9,"November 4, 2004",4.32,16.1
York,S9,"November 4, 2004",4.32,22.8
York,S9,"November 4, 2004",4.32,16.8
York,S9,"November 4, 2004",4.32,16.8
York,S9,"November 4, 2004",4.32,15.6
York,S9,"November 4, 2004",4.32,16.8
York,S9,"November 4, 2004",4.32,25.2
York,S9,"November 4, 2004",4.32,23.7
York,S9,"November 4, 2004",4.32,21.7
York,S9,"November 4, 2004",4.32,22
York,S9,"November 4, 2004",4.32,22.8
York,S9,"November 4, 2004",4.32,23
York,S9,"November 4, 2004",4.32,21
York,S9,"November 4, 2004",4.32,21.8
York,S9,"November 4, 2004",4.32,22.7
York,S9,"November 4, 2004",4.32,22
York,S9,"November 4, 2004",4.32,23
York,S9,"November 4, 2004",4.32,22
York,S9,"November 4, 2004",4.32,20.8
York,S9,"November 4, 2004",4.32,21.1
York,S9,"November 4, 2004",4.32,21.3
York,S9,"November 4, 2004",4.32,23.6
York,S9,"November 4, 2004",4.32,23.1
York,S9,"November 4, 2004",4.32,29.1
York,S9,"November 4, 2004",4.32,17.2
York,S2,"November 4, 2004",4.67,15.1
York,S2,"November 4, 2004",4.67,18.7
York,S2,"November 4, 2004",4.67,21.7
York,S2,"November 4, 2004",4.67,19.6
York,S2,"November 4, 2004",4.67,18.6
York,S2,"November 4, 2004",4.67,19.9
York,S2,"November 4, 2004",4.67,20.4
York,S2,"November 4, 2004",4.67,20
York,S2,"November 4, 2004",4.67,18.7
York,S2,"November 4, 2004",4.67,18.4
York,S2,"November 4, 2004",4.67,20.3
York,S2,"November 4, 2004",4.67,19
York,S2,"November 4, 2004",4.67,18.8
York,S2,"November 4, 2004",4.67,19.6
York,S2,"November 4, 2004",4.67,19.2
York,S2,"November 4, 2004",4.67,18
York,S2,"November 4, 2004",4.67,17.1
York,S2,"November 4, 2004",4.67,20.6
York,S2,"November 4, 2004",4.67,18.7
York,S2,"November 4, 2004",4.67,18.8
York,S2,"November 4, 2004",4.67,18.2
York,S2,"November 4, 2004",4.67,16
York,S2,"November 4, 2004",4.67,19.5
York,S2,"November 4, 2004",4.67,21.8
York,S2,"November 4, 2004",4.67,19.1
York,S2,"November 4, 2004",4.67,19.6
York,S2,"November 4, 2004",4.67,20.8
York,S2,"November 4, 2004",4.67,17.8
York,S2,"November 4, 2004",4.67,17
York,S7,"November 4, 2004",4.71,20.2
York,S7,"November 4, 2004",4.71,16
York,S7,"November 4, 2004",4.71,12.3
York,S7,"November 4, 2004",4.71,13.7
York,S7,"November 4, 2004",4.71,15.6
York,S7,"November 4, 2004",4.71,8
York,S7,"November 4, 2004",4.71,14.1
York,S7,"November 4, 2004",4.71,13.7
York,S12,"November 4, 2004",4.97,23.2
York,S12,"November 4, 2004",4.97,17
York,S12,"November 4, 2004",4.97,12.6
York,S12,"November 4, 2004",4.97,22.2
York,S12,"November 4, 2004",4.97,14.9
York,S12,"November 4, 2004",4.97,11.9
York,S3,"November 4, 2004",5.47,21.7
York,S3,"November 4, 2004",5.47,17.6
York,S3,"November 4, 2004",5.47,18.7
York,S3,"November 4, 2004",5.47,21
York,S3,"November 4, 2004",5.47,19.1
York,S3,"November 4, 2004",5.47,21.6
York,S3,"November 4, 2004",5.47,18.4
York,S3,"November 4, 2004",5.47,19.3
York,S3,"November 4, 2004",5.47,18.6
York,S3,"November 4, 2004",5.47,15.9
York,S3,"November 4, 2004",5.47,19.7
York,S3,"November 4, 2004",5.47,19.5
York,S3,"November 4, 2004",5.47,20.9
York,S3,"November 4, 2004",5.47,20.8
York,S3,"November 4, 2004",5.47,20.8
York,S3,"November 4, 2004",5.47,20.4
York,S3,"November 4, 2004",5.47,19
York,S3,"November 4, 2004",5.47,19.1
York,S3,"November 4, 2004",5.47,21.3
York,S3,"November 4, 2004",5.47,19.9
York,S3,"November 4, 2004",5.47,20.5
York,S3,"November 4, 2004",5.47,20.2
York,S3,"November 4, 2004",5.47,20.7
York,S3,"November 4, 2004",5.47,20.3
York,S3,"November 4, 2004",5.47,21.3
York,S3,"November 4, 2004",5.47,20.6
York,S3,"November 4, 2004",5.47,20.8
York,S3,"November 4, 2004",5.47,19.3
York,S3,"November 4, 2004",5.47,18.8
York,S3,"November 4, 2004",5.47,19.3
York,S3,"November 4, 2004",5.47,20.2
York,S3,"November 4, 2004",5.47,20.1
York,S3,"November 4, 2004",5.47,20.3
York,S3,"November 4, 2004",5.47,18
York,S3,"November 4, 2004",5.47,19.3
York,D6,"May 25, 2004",0.77,7
York,D10,"May 25, 2004",1.08,9
York,D8,"May 25, 2004",1.43,15.5
York,D8,"May 25, 2004",1.43,10
York,D8,"May 25, 2004",1.43,8
York,D8,"May 25, 2004",1.43,13.2
York,D8,"May 25, 2004",1.43,12.2
York,D8,"May 25, 2004",1.43,14
York,D8,"May 25, 2004",1.43,4.5
York,D8,"May 25, 2004",1.43,14
York,D8,"May 25, 2004",1.43,14.5
York,D8,"May 25, 2004",1.43,9
York,D8,"May 25, 2004",1.43,10.5
York,D8,"May 25, 2004",1.43,4
York,D8,"May 25, 2004",1.43,14.5
York,D8,"May 25, 2004",1.43,15
York,D8,"May 25, 2004",1.43,12
York,D8,"May 25, 2004",1.43,15
York,D8,"May 25, 2004",1.43,12.2
York,D8,"May 25, 2004",1.43,8
York,D8,"May 25, 2004",1.43,13.1
York,D8,"May 25, 2004",1.43,13.2
York,D8,"May 25, 2004",1.43,11.6
York,D8,"May 25, 2004",1.43,9.6
York,D8,"May 25, 2004",1.43,12.1
York,D8,"May 25, 2004",1.43,12.7
York,D1,"May 25, 2004",1.75,26.4
York,D1,"May 25, 2004",1.75,27.2
York,D1,"May 25, 2004",1.75,8
York,D1,"May 25, 2004",1.75,8
York,D1,"May 25, 2004",1.75,9
York,D1,"May 25, 2004",1.75,10.1
York,D1,"May 25, 2004",1.75,6
York,D1,"May 25, 2004",1.75,8
York,D1,"May 25, 2004",1.75,10.3
York,D1,"May 25, 2004",1.75,8
York,D3,"May 25, 2004",1.77,8.7
York,D3,"May 25, 2004",1.77,30.2
York,D3,"May 25, 2004",1.77,29.6
York,D3,"May 25, 2004",1.77,9.2
York,D3,"May 25, 2004",1.77,8
York,D3,"May 25, 2004",1.77,9
York,D3,"May 25, 2004",1.77,14.4
York,D3,"May 25, 2004",1.77,10.7
York,D3,"May 25, 2004",1.77,11.9
York,D3,"May 25, 2004",1.77,11.2
York,D3,"May 25, 2004",1.77,5.2
York,D3,"May 25, 2004",1.77,8
York,D3,"May 25, 2004",1.77,9
York,D3,"May 25, 2004",1.77,7
York,D3,"May 25, 2004",1.77,11.1
York,D9,"May 25, 2004",2.13,7
York,D9,"May 25, 2004",2.13,9
York,D0,"May 25, 2004",2.17,10
York,D5,"May 25, 2004",2.74,10.1
York,D5,"May 25, 2004",2.74,13.5
York,D5,"May 25, 2004",2.74,8
York,D5,"May 25, 2004",2.74,3
York,D5,"May 25, 2004",2.74,10.4
York,D5,"May 25, 2004",2.74,7
York,D5,"May 25, 2004",2.74,9
York,D5,"May 25, 2004",2.74,8.2
York,D5,"May 25, 2004",2.74,10.4
York,D5,"May 25, 2004",2.74,9.1
York,D5,"May 25, 2004",2.74,11
York,D5,"May 25, 2004",2.74,5.7
York,D5,"May 25, 2004",2.74,5.6
York,D5,"May 25, 2004",2.74,5.3
York,D5,"May 25, 2004",2.74,6
York,D5,"May 25, 2004",2.74,8.9
York,D5,"May 25, 2004",2.74,8.9
York,D5,"May 25, 2004",2.74,9.6
York,D5,"May 25, 2004",2.74,8
York,D5,"May 25, 2004",2.74,6
York,D5,"May 25, 2004",2.74,4.9
York,D5,"May 25, 2004",2.74,5
York,D5,"May 25, 2004",2.74,6.1
York,D5,"May 25, 2004",2.74,6.2
York,D5,"May 25, 2004",2.74,8
York,D5,"May 25, 2004",2.74,11.9
York,D5,"May 25, 2004",2.74,10.7
York,D5,"May 25, 2004",2.74,9.4
York,D5,"May 25, 2004",2.74,9.2
York,D5,"May 25, 2004",2.74,9.4
York,D5,"May 25, 2004",2.74,6.2
York,D5,"May 25, 2004",2.74,4.5
York,D5,"May 25, 2004",2.74,9.5
York,D5,"May 25, 2004",2.74,8
York,D5,"May 25, 2004",2.74,9.8
York,D5,"May 25, 2004",2.74,6.3
York,D5,"May 25, 2004",2.74,4.4
York,D5,"May 25, 2004",2.74,7.3
York,D5,"May 25, 2004",2.74,10.5
York,D5,"May 25, 2004",2.74,8
York,D5,"May 25, 2004",2.74,6
York,D5,"May 25, 2004",2.74,8
York,M7,"May 25, 2004",2.96,7.9
York,M7,"May 25, 2004",2.96,8
York,M7,"May 25, 2004",2.96,9
York,M7,"May 25, 2004",2.96,19.9
York,M7,"May 25, 2004",2.96,22
York,M7,"May 25, 2004",2.96,6.4
York,M7,"May 25, 2004",2.96,8
York,M7,"May 25, 2004",2.96,20.4
York,M7,"May 25, 2004",2.96,21.1
York,M7,"May 25, 2004",2.96,9.9
York,M7,"May 25, 2004",2.96,11
York,M7,"May 25, 2004",2.96,4
York,M7,"May 25, 2004",2.96,19.4
York,M7,"May 25, 2004",2.96,21.4
York,M7,"May 25, 2004",2.96,9
York,M7,"May 25, 2004",2.96,5.6
York,M7,"May 25, 2004",2.96,19.6
York,M7,"May 25, 2004",2.96,20.8
York,M7,"May 25, 2004",2.96,8.3
York,M7,"May 25, 2004",2.96,6.3
York,M7,"May 25, 2004",2.96,20.2
York,M7,"May 25, 2004",2.96,9.2
York,M7,"May 25, 2004",2.96,9.1
York,M7,"May 25, 2004",2.96,6
York,M7,"May 25, 2004",2.96,18.9
York,M7,"May 25, 2004",2.96,19.1
York,M7,"May 25, 2004",2.96,17.4
York,M7,"May 25, 2004",2.96,20.1
York,M7,"May 25, 2004",2.96,15.5
York,M7,"May 25, 2004",2.96,16.1
York,M7,"May 25, 2004",2.96,18.3
York,M7,"May 25, 2004",2.96,15.5
York,M7,"May 25, 2004",2.96,6
York,M7,"May 25, 2004",2.96,7
York,M7,"May 25, 2004",2.96,6.4
York,M7,"May 25, 2004",2.96,6.6
York,M7,"May 25, 2004",2.96,6.3
York,M7,"May 25, 2004",2.96,14.1
York,M7,"May 25, 2004",2.96,18.4
York,M7,"May 25, 2004",2.96,15.5
York,M7,"May 25, 2004",2.96,5.2
York,M4,"May 25, 2004",2.99,10
York,M4,"May 25, 2004",2.99,8.9
York,M4,"May 25, 2004",2.99,9.2
York,M4,"May 25, 2004",2.99,4
York,M4,"May 25, 2004",2.99,10
York,M4,"May 25, 2004",2.99,9.9
York,M2,"May 25, 2004",3.13,13.9
York,M2,"May 25, 2004",3.13,25.3
York,M2,"May 25, 2004",3.13,12.4
York,M2,"May 25, 2004",3.13,12
York,M2,"May 25, 2004",3.13,11.1
York,M2,"May 25, 2004",3.13,8
York,M2,"May 25, 2004",3.13,11.2
York,M2,"May 25, 2004",3.13,14.7
York,M2,"May 25, 2004",3.13,8
York,M2,"May 25, 2004",3.13,10.5
York,M2,"May 25, 2004",3.13,12.1
York,M2,"May 25, 2004",3.13,10.6
York,M2,"May 25, 2004",3.13,12.4
York,M2,"May 25, 2004",3.13,23.6
York,M2,"May 25, 2004",3.13,11.4
York,M2,"May 25, 2004",3.13,6.2
York,M2,"May 25, 2004",3.13,8.1
York,M2,"May 25, 2004",3.13,10.8
York,M2,"May 25, 2004",3.13,15
York,M2,"May 25, 2004",3.13,11.7
York,M2,"May 25, 2004",3.13,12.8
York,M2,"May 25, 2004",3.13,11.4
York,M2,"May 25, 2004",3.13,10.4
York,M2,"May 25, 2004",3.13,12
York,M2,"May 25, 2004",3.13,12
York,M2,"May 25, 2004",3.13,13.7
York,M2,"May 25, 2004",3.13,12
York,M2,"May 25, 2004",3.13,8
York,M2,"May 25, 2004",3.13,12.7
York,M2,"May 25, 2004",3.13,9.4
York,M2,"May 25, 2004",3.13,13.4
York,M2,"May 25, 2004",3.13,8.9
York,M2,"May 25, 2004",3.13,9.8
York,M2,"May 25, 2004",3.13,6.7
York,M2,"May 25, 2004",3.13,14
York,M2,"May 25, 2004",3.13,11
York,M2,"May 25, 2004",3.13,13.6
York,M2,"May 25, 2004",3.13,11.9
York,M2,"May 25, 2004",3.13,12.2
York,M2,"May 25, 2004",3.13,7
York,M2,"May 25, 2004",3.13,10.6
York,M2,"May 25, 2004",3.13,9.2
York,M2,"May 25, 2004",3.13,7.5
York,M2,"May 25, 2004",3.13,11.6
York,M2,"May 25, 2004",3.13,14.7
York,M2,"May 25, 2004",3.13,12.3
York,M2,"May 25, 2004",3.13,9.2
York,M2,"May 25, 2004",3.13,7.8
York,M2,"May 25, 2004",3.13,12.3
York,M2,"May 25, 2004",3.13,10
York,M2,"May 25, 2004",3.13,8
York,M2,"May 25, 2004",3.13,11.3
York,M2,"May 25, 2004",3.13,9
York,S8,"May 25, 2004",3.13,12.4
York,S8,"May 25, 2004",3.13,13.2
York,S8,"May 25, 2004",3.13,13
York,S8,"May 25, 2004",3.13,13.2
York,S8,"May 25, 2004",3.13,12.3
York,S8,"May 25, 2004",3.13,11
York,S8,"May 25, 2004",3.13,10.6
York,S8,"May 25, 2004",3.13,15.3
York,S8,"May 25, 2004",3.13,12
York,S8,"May 25, 2004",3.13,12.6
York,S8,"May 25, 2004",3.13,13.8
York,S8,"May 25, 2004",3.13,15.2
York,S8,"May 25, 2004",3.13,15.3
York,S8,"May 25, 2004",3.13,19.2
York,S8,"May 25, 2004",3.13,10
York,S8,"May 25, 2004",3.13,7.2
York,S8,"May 25, 2004",3.13,13
York,S8,"May 25, 2004",3.13,17.2
York,S8,"May 25, 2004",3.13,14.6
York,S8,"May 25, 2004",3.13,13.9
York,S8,"May 25, 2004",3.13,12
York,S8,"May 25, 2004",3.13,16.7
York,S8,"May 25, 2004",3.13,15.2
York,S8,"May 25, 2004",3.13,11.9
York,S8,"May 25, 2004",3.13,13
York,S8,"May 25, 2004",3.13,13.6
York,S8,"May 25, 2004",3.13,13.1
York,S8,"May 25, 2004",3.13,13.3
York,S8,"May 25, 2004",3.13,11.2
York,S8,"May 25, 2004",3.13,10.3
York,S8,"May 25, 2004",3.13,13.3
York,S8,"May 25, 2004",3.13,6
York,S8,"May 25, 2004",3.13,12.1
York,S8,"May 25, 2004",3.13,10.3
York,S8,"May 25, 2004",3.13,14.1
York,S8,"May 25, 2004",3.13,13.4
York,S8,"May 25, 2004",3.13,13.5
York,S8,"May 25, 2004",3.13,15.2
York,S8,"May 25, 2004",3.13,10.7
York,S8,"May 25, 2004",3.13,11
York,S8,"May 25, 2004",3.13,9.7
York,S8,"May 25, 2004",3.13,10.3
York,S8,"May 25, 2004",3.13,9.1
York,S8,"May 25, 2004",3.13,14
York,S8,"May 25, 2004",3.13,14.2
York,M2,"May 25, 2004",3.13,23.3
York,M2,"May 25, 2004",3.13,9.3
York,S8,"May 25, 2004",3.13,10.8
York,S8,"May 25, 2004",3.13,15.2
York,D7,"May 25, 2004",3.14,9.5
York,D7,"May 25, 2004",3.14,10.5
York,D7,"May 25, 2004",3.14,7.6
York,D7,"May 25, 2004",3.14,6.4
York,D7,"May 25, 2004",3.14,10.1
York,D7,"May 25, 2004",3.14,9
York,D7,"May 25, 2004",3.14,6.3
York,D7,"May 25, 2004",3.14,6.2
York,D7,"May 25, 2004",3.14,11
York,D7,"May 25, 2004",3.14,10.7
York,D7,"May 25, 2004",3.14,7
York,D7,"May 25, 2004",3.14,7
York,D7,"May 25, 2004",3.14,10
York,D7,"May 25, 2004",3.14,11.4
York,D7,"May 25, 2004",3.14,8
York,D7,"May 25, 2004",3.14,10.5
York,D7,"May 25, 2004",3.14,9.3
York,D7,"May 25, 2004",3.14,6
York,D7,"May 25, 2004",3.14,7.4
York,D7,"May 25, 2004",3.14,8.8
York,D7,"May 25, 2004",3.14,6
York,D7,"May 25, 2004",3.14,9.1
York,D7,"May 25, 2004",3.14,7
York,D7,"May 25, 2004",3.14,7.9
York,D7,"May 25, 2004",3.14,9.7
York,D7,"May 25, 2004",3.14,7
York,D7,"May 25, 2004",3.14,7.7
York,D7,"May 25, 2004",3.14,9.8
York,D7,"May 25, 2004",3.14,7.5
York,D7,"May 25, 2004",3.14,9.1
York,D7,"May 25, 2004",3.14,10.2
York,D7,"May 25, 2004",3.14,9.7
York,D7,"May 25, 2004",3.14,9.2
York,D7,"May 25, 2004",3.14,10.6
York,D7,"May 25, 2004",3.14,5
York,D7,"May 25, 2004",3.14,5.3
York,D7,"May 25, 2004",3.14,8.6
York,D7,"May 25, 2004",3.14,7.5
York,D7,"May 25, 2004",3.14,7.5
York,D7,"May 25, 2004",3.14,5
York,D7,"May 25, 2004",3.14,6.4
York,D7,"May 25, 2004",3.14,8
York,D7,"May 25, 2004",3.14,9.9
York,D7,"May 25, 2004",3.14,9.2
York,D7,"May 25, 2004",3.14,7
York,D7,"May 25, 2004",3.14,7
York,D7,"May 25, 2004",3.14,10.3
York,D7,"May 25, 2004",3.14,9.1
York,D7,"May 25, 2004",3.14,9.6
York,D7,"May 25, 2004",3.14,8
York,D7,"May 25, 2004",3.14,9.9
York,D7,"May 25, 2004",3.14,8
York,D7,"May 25, 2004",3.14,8.5
York,D7,"May 25, 2004",3.14,10.2
York,D7,"May 25, 2004",3.14,9.5
York,D7,"May 25, 2004",3.14,7
York,D7,"May 25, 2004",3.14,11
York,D7,"May 25, 2004",3.14,9
York,D7,"May 25, 2004",3.14,7
York,D7,"May 25, 2004",3.14,5.1
York,D7,"May 25, 2004",3.14,7
York,D7,"May 25, 2004",3.14,7.8
York,D7,"May 25, 2004",3.14,2.5
York,D7,"May 25, 2004",3.14,7.1
York,D7,"May 25, 2004",3.14,10.3
York,D7,"May 25, 2004",3.14,10.6
York,D7,"May 25, 2004",3.14,7
York,D7,"May 25, 2004",3.14,7.8
York,D7,"May 25, 2004",3.14,10
York,D7,"May 25, 2004",3.14,10
York,D7,"May 25, 2004",3.14,6.6
York,M3,"May 25, 2004",3.27,8
York,M3,"May 25, 2004",3.27,9.2
York,M3,"May 25, 2004",3.27,10.1
York,M3,"May 25, 2004",3.27,9.4
York,M3,"May 25, 2004",3.27,9.3
York,M3,"May 25, 2004",3.27,9.7
York,M3,"May 25, 2004",3.27,12
York,M3,"May 25, 2004",3.27,11.8
York,M3,"May 25, 2004",3.27,10.5
York,M3,"May 25, 2004",3.27,11
York,M3,"May 25, 2004",3.27,9
York,M3,"May 25, 2004",3.27,8.7
York,M3,"May 25, 2004",3.27,8
York,M3,"May 25, 2004",3.27,10.6
York,M3,"May 25, 2004",3.27,10.7
York,M3,"May 25, 2004",3.27,10.6
York,M3,"May 25, 2004",3.27,10.7
York,M3,"May 25, 2004",3.27,10.6
York,M3,"May 25, 2004",3.27,9.7
York,M3,"May 25, 2004",3.27,7.3
York,M3,"May 25, 2004",3.27,8
York,M3,"May 25, 2004",3.27,9
York,M6,"May 25, 2004",3.40,13.5
York,M6,"May 25, 2004",3.40,12
York,M6,"May 25, 2004",3.40,9
York,M6,"May 25, 2004",3.40,13.3
York,M6,"May 25, 2004",3.40,11
York,M6,"May 25, 2004",3.40,11.5
York,M6,"May 25, 2004",3.40,11
York,M6,"May 25, 2004",3.40,7.2
York,M6,"May 25, 2004",3.40,11.6
York,M6,"May 25, 2004",3.40,11.9
York,M6,"May 25, 2004",3.40,13.1
York,M6,"May 25, 2004",3.40,8.6
York,M6,"May 25, 2004",3.40,25.6
York,M6,"May 25, 2004",3.40,9.7
York,M6,"May 25, 2004",3.40,11.1
York,M6,"May 25, 2004",3.40,6
York,M6,"May 25, 2004",3.40,26.6
York,M6,"May 25, 2004",3.40,6.5
York,M6,"May 25, 2004",3.40,13.4
York,M6,"May 25, 2004",3.40,12.4
York,M6,"May 25, 2004",3.40,11.4
York,M6,"May 25, 2004",3.40,10.7
York,M6,"May 25, 2004",3.40,12.3
York,M6,"May 25, 2004",3.40,8.1
York,M6,"May 25, 2004",3.40,8.2
York,M6,"May 25, 2004",3.40,8.6
York,M6,"May 25, 2004",3.40,12.1
York,M6,"May 25, 2004",3.40,8
York,M6,"May 25, 2004",3.40,9
York,M6,"May 25, 2004",3.40,8
York,M6,"May 25, 2004",3.40,10.1
York,M6,"May 25, 2004",3.40,5
York,M6,"May 25, 2004",3.40,10.3
York,M6,"May 25, 2004",3.40,11
York,M6,"May 25, 2004",3.40,9
York,M6,"May 25, 2004",3.40,10
York,M6,"May 25, 2004",3.40,13.5
York,M6,"May 25, 2004",3.40,12
York,M6,"May 25, 2004",3.40,11.4
York,M6,"May 25, 2004",3.40,12.2
York,M6,"May 25, 2004",3.40,6.7
York,M6,"May 25, 2004",3.40,8.1
York,M6,"May 25, 2004",3.40,6.5
York,M6,"May 25, 2004",3.40,8.3
York,M6,"May 25, 2004",3.40,9
York,M6,"May 25, 2004",3.40,14.5
York,M6,"May 25, 2004",3.40,13
York,M6,"May 25, 2004",3.40,8
York,M6,"May 25, 2004",3.40,9.5
York,M6,"May 25, 2004",3.40,13.7
York,M6,"May 25, 2004",3.40,13.1
York,M6,"May 25, 2004",3.40,12.1
York,M6,"May 25, 2004",3.40,9.7
York,M6,"May 25, 2004",3.40,10.3
York,M6,"May 25, 2004",3.40,11.8
York,M6,"May 25, 2004",3.40,11
York,M6,"May 25, 2004",3.40,10
York,M6,"May 25, 2004",3.40,13
York,M6,"May 25, 2004",3.40,9.1
York,M6,"May 25, 2004",3.40,10.5
York,M6,"May 25, 2004",3.40,10.3
York,M0,"May 25, 2004",3.44,8.1
York,M0,"May 25, 2004",3.44,8
York,M0,"May 25, 2004",3.44,10.5
York,M0,"May 25, 2004",3.44,6.8
York,M0,"May 25, 2004",3.44,9.6
York,M0,"May 25, 2004",3.44,12
York,M0,"May 25, 2004",3.44,8
York,M0,"May 25, 2004",3.44,6
York,M0,"May 25, 2004",3.44,6
York,M0,"May 25, 2004",3.44,12
York,M0,"May 25, 2004",3.44,9.8
York,M0,"May 25, 2004",3.44,7
York,M0,"May 25, 2004",3.44,10.2
York,M0,"May 25, 2004",3.44,5.3
York,M0,"May 25, 2004",3.44,11
York,M0,"May 25, 2004",3.44,11
York,M0,"May 25, 2004",3.44,4.1
York,M0,"May 25, 2004",3.44,7.8
York,M0,"May 25, 2004",3.44,6.9
York,M0,"May 25, 2004",3.44,10
York,M0,"May 25, 2004",3.44,7
York,M0,"May 25, 2004",3.44,6.9
York,M0,"May 25, 2004",3.44,4.1
York,M0,"May 25, 2004",3.44,5
York,M0,"May 25, 2004",3.44,9.2
York,M0,"May 25, 2004",3.44,9.4
York,M0,"May 25, 2004",3.44,8.4
York,M0,"May 25, 2004",3.44,9
York,M0,"May 25, 2004",3.44,8.8
York,M0,"May 25, 2004",3.44,10.5
York,M0,"May 25, 2004",3.44,6.4
York,M0,"May 25, 2004",3.44,11.4
York,M0,"May 25, 2004",3.44,9
York,M0,"May 25, 2004",3.44,8.9
York,M0,"May 25, 2004",3.44,6.1
York,M0,"May 25, 2004",3.44,11.1
York,M0,"May 25, 2004",3.44,8.6
York,M0,"May 25, 2004",3.44,9.3
York,M0,"May 25, 2004",3.44,9.5
York,M0,"May 25, 2004",3.44,4.9
York,M0,"May 25, 2004",3.44,7.9
York,M0,"May 25, 2004",3.44,9.1
York,M0,"May 25, 2004",3.44,22.5
York,M0,"May 25, 2004",3.44,25.9
York,M0,"May 25, 2004",3.44,9.6
York,M0,"May 25, 2004",3.44,9.1
York,M0,"May 25, 2004",3.44,8.3
York,M0,"May 25, 2004",3.44,9.3
York,M0,"May 25, 2004",3.44,10.2
York,M0,"May 25, 2004",3.44,10.2
York,M0,"May 25, 2004",3.44,12.2
York,M0,"May 25, 2004",3.44,11.2
York,M0,"May 25, 2004",3.44,10.6
York,M0,"May 25, 2004",3.44,8
York,M0,"May 25, 2004",3.44,7.7
York,M0,"May 25, 2004",3.44,5.3
York,M0,"May 25, 2004",3.44,8.9
York,M0,"May 25, 2004",3.44,6.2
York,M0,"May 25, 2004",3.44,9.1
York,M0,"May 25, 2004",3.44,12.4
York,M0,"May 25, 2004",3.44,6.1
York,M8,"May 25, 2004",3.49,11
York,M8,"May 25, 2004",3.49,9
York,M8,"May 25, 2004",3.49,9
York,M8,"May 25, 2004",3.49,9
York,M8,"May 25, 2004",3.49,11
York,M8,"May 25, 2004",3.49,4.3
York,M8,"May 25, 2004",3.49,11
York,M8,"May 25, 2004",3.49,4.3
York,M8,"May 25, 2004",3.49,11
York,M8,"May 25, 2004",3.49,6
York,M8,"May 25, 2004",3.49,8
York,M8,"May 25, 2004",3.49,9.1
York,M8,"May 25, 2004",3.49,8.8
York,M8,"May 25, 2004",3.49,9
York,M8,"May 25, 2004",3.49,9
York,M8,"May 25, 2004",3.49,8
York,M8,"May 25, 2004",3.49,9.7
York,M8,"May 25, 2004",3.49,8.2
York,M8,"May 25, 2004",3.49,9.1
York,M8,"May 25, 2004",3.49,10.1
York,M8,"May 25, 2004",3.49,8.7
York,M8,"May 25, 2004",3.49,10
York,M8,"May 25, 2004",3.49,8.5
York,M8,"May 25, 2004",3.49,5
York,M8,"May 25, 2004",3.49,11.4
York,M8,"May 25, 2004",3.49,9.1
York,M8,"May 25, 2004",3.49,7
York,M8,"May 25, 2004",3.49,11.9
York,M8,"May 25, 2004",3.49,11
York,M8,"May 25, 2004",3.49,6
York,M8,"May 25, 2004",3.49,9.4
York,M8,"May 25, 2004",3.49,10.1
York,M8,"May 25, 2004",3.49,8.1
York,M8,"May 25, 2004",3.49,8
York,M8,"May 25, 2004",3.49,9
York,M8,"May 25, 2004",3.49,8
York,M8,"May 25, 2004",3.49,9.5
York,M8,"May 25, 2004",3.49,9.1
York,M8,"May 25, 2004",3.49,8.5
York,M8,"May 25, 2004",3.49,11.7
York,M8,"May 25, 2004",3.49,9.5
York,M10,"May 25, 2004",3.54,8
York,M10,"May 25, 2004",3.54,8.7
York,M10,"May 25, 2004",3.54,7
York,M10,"May 25, 2004",3.54,12.1
York,M10,"May 25, 2004",3.54,10.5
York,M10,"May 25, 2004",3.54,7
York,M10,"May 25, 2004",3.54,10.5
York,M10,"May 25, 2004",3.54,8.6
York,M10,"May 25, 2004",3.54,10.2
York,M10,"May 25, 2004",3.54,10
York,M10,"May 25, 2004",3.54,11
York,M10,"May 25, 2004",3.54,10
York,M10,"May 25, 2004",3.54,10.2
York,M10,"May 25, 2004",3.54,11
York,M10,"May 25, 2004",3.54,8
York,M10,"May 25, 2004",3.54,7
York,M10,"May 25, 2004",3.54,14.3
York,M10,"May 25, 2004",3.54,10.3
York,M10,"May 25, 2004",3.54,7
York,M10,"May 25, 2004",3.54,8.1
York,M10,"May 25, 2004",3.54,11
York,M10,"May 25, 2004",3.54,12
York,M10,"May 25, 2004",3.54,9
York,S6,"May 25, 2004",3.82,35.7
York,S6,"May 25, 2004",3.82,11.6
York,S6,"May 25, 2004",3.82,9
York,S6,"May 25, 2004",3.82,19.5
York,S6,"May 25, 2004",3.82,7.6
York,S6,"May 25, 2004",3.82,7.5
York,S6,"May 25, 2004",3.82,18.5
York,S6,"May 25, 2004",3.82,6.3
York,S6,"May 25, 2004",3.82,18.8
York,S6,"May 25, 2004",3.82,7.3
York,S6,"May 25, 2004",3.82,22.7
York,S6,"May 25, 2004",3.82,22.3
York,S6,"May 25, 2004",3.82,21.5
York,S6,"May 25, 2004",3.82,20.2
York,S6,"May 25, 2004",3.82,7
York,S6,"May 25, 2004",3.82,8.1
York,S6,"May 25, 2004",3.82,5.6
York,S6,"May 25, 2004",3.82,7.5
York,S6,"May 25, 2004",3.82,18.9
York,S6,"May 25, 2004",3.82,20.5
York,S6,"May 25, 2004",3.82,20
York,S6,"May 25, 2004",3.82,9.6
York,S6,"May 25, 2004",3.82,8.9
York,M1,"May 25, 2004",3.91,12
York,M1,"May 25, 2004",3.91,5
York,M1,"May 25, 2004",3.91,5.2
York,M1,"May 25, 2004",3.91,12.3
York,M1,"May 25, 2004",3.91,10.5
York,M1,"May 25, 2004",3.91,5.3
York,M1,"May 25, 2004",3.91,9.5
York,M1,"May 25, 2004",3.91,6.6
York,M1,"May 25, 2004",3.91,8.9
York,M1,"May 25, 2004",3.91,5.2
York,M1,"May 25, 2004",3.91,10.4
York,M1,"May 25, 2004",3.91,10.9
York,M1,"May 25, 2004",3.91,12.5
York,M1,"May 25, 2004",3.91,8.2
York,M1,"May 25, 2004",3.91,12.3
York,M1,"May 25, 2004",3.91,10.5
York,M1,"May 25, 2004",3.91,12
York,M1,"May 25, 2004",3.91,13.1
York,M1,"May 25, 2004",3.91,11.9
York,M1,"May 25, 2004",3.91,10.3
York,M1,"May 25, 2004",3.91,12.1
York,M1,"May 25, 2004",3.91,9.6
York,M1,"May 25, 2004",3.91,10.3
York,M1,"May 25, 2004",3.91,11.9
York,M1,"May 25, 2004",3.91,10.8
York,M1,"May 25, 2004",3.91,11.4
York,M1,"May 25, 2004",3.91,5.7
York,M1,"May 25, 2004",3.91,13.5
York,M1,"May 25, 2004",3.91,9.9
York,M1,"May 25, 2004",3.91,10.3
York,M1,"May 25, 2004",3.91,9.7
York,M1,"May 25, 2004",3.91,12.2
York,M1,"May 25, 2004",3.91,10.4
York,M1,"May 25, 2004",3.91,12
York,M1,"May 25, 2004",3.91,7.6
York,M1,"May 25, 2004",3.91,8.5
York,M1,"May 25, 2004",3.91,9
York,M1,"May 25, 2004",3.91,13.2
York,M1,"May 25, 2004",3.91,11.2
York,M1,"May 25, 2004",3.91,10.4
York,M1,"May 25, 2004",3.91,13
York,M1,"May 25, 2004",3.91,12.3
York,M1,"May 25, 2004",3.91,10
York,M1,"May 25, 2004",3.91,8.2
York,M1,"May 25, 2004",3.91,12.8
York,M1,"May 25, 2004",3.91,12.5
York,M1,"May 25, 2004",3.91,11
York,M1,"May 25, 2004",3.91,9
York,M1,"May 25, 2004",3.91,10.4
York,M1,"May 25, 2004",3.91,8
York,M1,"May 25, 2004",3.91,11.3
York,M1,"May 25, 2004",3.91,10.1
York,M1,"May 25, 2004",3.91,6
York,M1,"May 25, 2004",3.91,12
York,M1,"May 25, 2004",3.91,3.1
York,M1,"May 25, 2004",3.91,9.3
York,M1,"May 25, 2004",3.91,8.4
York,M1,"May 25, 2004",3.91,6.3
York,M1,"May 25, 2004",3.91,7.9
York,M1,"May 25, 2004",3.91,5.2
York,M1,"May 25, 2004",3.91,11.4
York,M1,"May 25, 2004",3.91,12.6
York,S4,"May 25, 2004",3.93,9.2
York,S4,"May 25, 2004",3.93,8.7
York,S4,"May 25, 2004",3.93,5
York,S4,"May 25, 2004",3.93,29
York,S4,"May 25, 2004",3.93,24
York,S4,"May 25, 2004",3.93,22.6
York,S4,"May 25, 2004",3.93,25.1
York,S4,"May 25, 2004",3.93,29.7
York,S4,"May 25, 2004",3.93,24.2
York,S4,"May 25, 2004",3.93,23.9
York,S4,"May 25, 2004",3.93,22.1
York,S4,"May 25, 2004",3.93,22.8
York,S4,"May 25, 2004",3.93,10.3
York,S4,"May 25, 2004",3.93,6.4
York,S4,"May 25, 2004",3.93,7.6
York,S4,"May 25, 2004",3.93,8.9
York,S4,"May 25, 2004",3.93,9.2
York,S4,"May 25, 2004",3.93,8.6
York,S4,"May 25, 2004",3.93,10.1
York,S4,"May 25, 2004",3.93,10.6
York,S4,"May 25, 2004",3.93,8.8
York,S4,"May 25, 2004",3.93,7
York,S4,"May 25, 2004",3.93,7.8
York,S4,"May 25, 2004",3.93,7.9
York,S4,"May 25, 2004",3.93,7.1
York,S4,"May 25, 2004",3.93,7.2
York,S4,"May 25, 2004",3.93,10.7
York,S4,"May 25, 2004",3.93,9.3
York,S4,"May 25, 2004",3.93,8
York,S4,"May 25, 2004",3.93,8
York,S4,"May 25, 2004",3.93,7
York,S4,"May 25, 2004",3.93,7.9
York,S4,"May 25, 2004",3.93,10
York,S4,"May 25, 2004",3.93,23.2
York,S4,"May 25, 2004",3.93,26.5
York,S4,"May 25, 2004",3.93,28.8
York,S4,"May 25, 2004",3.93,26.3
York,S4,"May 25, 2004",3.93,23.1
York,S4,"May 25, 2004",3.93,9
York,S4,"May 25, 2004",3.93,26.2
York,S4,"May 25, 2004",3.93,24.5
York,S4,"May 25, 2004",3.93,22.5
York,S4,"May 25, 2004",3.93,21.4
York,S4,"May 25, 2004",3.93,25.7
York,S4,"May 25, 2004",3.93,7
York,S4,"May 25, 2004",3.93,24.1
York,S4,"May 25, 2004",3.93,26.9
York,S4,"May 25, 2004",3.93,22.4
York,S4,"May 25, 2004",3.93,24.3
York,S4,"May 25, 2004",3.93,24.1
York,S4,"May 25, 2004",3.93,7.5
York,S4,"May 25, 2004",3.93,26.6
York,S4,"May 25, 2004",3.93,24.4
York,S4,"May 25, 2004",3.93,11.2
York,S4,"May 25, 2004",3.93,7
York,S4,"May 25, 2004",3.93,10.3
York,S4,"May 25, 2004",3.93,7
York,S4,"May 25, 2004",3.93,8
York,S4,"May 25, 2004",3.93,7.4
York,S4,"May 25, 2004",3.93,6.4
York,S4,"May 25, 2004",3.93,10.8
York,S4,"May 25, 2004",3.93,25.7
York,S4,"May 25, 2004",3.93,25.9
York,S4,"May 25, 2004",3.93,24
York,S4,"May 25, 2004",3.93,23.2
York,S4,"May 25, 2004",3.93,23.4
York,S4,"May 25, 2004",3.93,26.7
York,S4,"May 25, 2004",3.93,24.4
York,S4,"May 25, 2004",3.93,21.8
York,S4,"May 25, 2004",3.93,22.7
York,S4,"May 25, 2004",3.93,23.8
York,S4,"May 25, 2004",3.93,23.8
York,S4,"May 25, 2004",3.93,10.3
York,S4,"May 25, 2004",3.93,8
York,S4,"May 25, 2004",3.93,9.9
York,S4,"May 25, 2004",3.93,9
York,S4,"May 25, 2004",3.93,9
York,S4,"May 25, 2004",3.93,10
York,S4,"May 25, 2004",3.93,9.4
York,S4,"May 25, 2004",3.93,7.1
York,S4,"May 25, 2004",3.93,8
York,S4,"May 25, 2004",3.93,9.2
York,S4,"May 25, 2004",3.93,7.1
York,S0,"May 25, 2004",4.18,7
York,S0,"May 25, 2004",4.18,20.1
York,S0,"May 25, 2004",4.18,7
York,S0,"May 25, 2004",4.18,8
York,S0,"May 25, 2004",4.18,5
York,S0,"May 25, 2004",4.18,6
York,S0,"May 25, 2004",4.18,5
York,S0,"May 25, 2004",4.18,7
York,S0,"May 25, 2004",4.18,7
York,S0,"May 25, 2004",4.18,30.4
York,S0,"May 25, 2004",4.18,19.7
York,S0,"May 25, 2004",4.18,8
York,S0,"May 25, 2004",4.18,8
York,S0,"May 25, 2004",4.18,9.2
York,S0,"May 25, 2004",4.18,8.7
York,S0,"May 25, 2004",4.18,5
York,S0,"May 25, 2004",4.18,8.2
York,S0,"May 25, 2004",4.18,7.4
York,S0,"May 25, 2004",4.18,8.8
York,S0,"May 25, 2004",4.18,7
York,S0,"May 25, 2004",4.18,6
York,S0,"May 25, 2004",4.18,6.6
York,S0,"May 25, 2004",4.18,7
York,S0,"May 25, 2004",4.18,8
York,S0,"May 25, 2004",4.18,7
York,S0,"May 25, 2004",4.18,7
York,S0,"May 25, 2004",4.18,8.1
York,S0,"May 25, 2004",4.18,6
York,S0,"May 25, 2004",4.18,20.1
York,S0,"May 25, 2004",4.18,21.2
York,S0,"May 25, 2004",4.18,8.2
York,S0,"May 25, 2004",4.18,19.8
York,S0,"May 25, 2004",4.18,10
York,S0,"May 25, 2004",4.18,7
York,S0,"May 25, 2004",4.18,8
York,S0,"May 25, 2004",4.18,7
York,S0,"May 25, 2004",4.18,7
York,S0,"May 25, 2004",4.18,7
York,S0,"May 25, 2004",4.18,8
York,S0,"May 25, 2004",4.18,8
York,S0,"May 25, 2004",4.18,8
York,S0,"May 25, 2004",4.18,7
York,S0,"May 25, 2004",4.18,7.2
York,S0,"May 25, 2004",4.18,6.6
York,S0,"May 25, 2004",4.18,7.3
York,S0,"May 25, 2004",4.18,8
York,S0,"May 25, 2004",4.18,7
York,S0,"May 25, 2004",4.18,7
York,S0,"May 25, 2004",4.18,7
York,S0,"May 25, 2004",4.18,8
York,S0,"May 25, 2004",4.18,7.4
York,S0,"May 25, 2004",4.18,9.2
York,S0,"May 25, 2004",4.18,7.4
York,S10,"May 25, 2004",4.18,25.6
York,S10,"May 25, 2004",4.18,20.5
York,S10,"May 25, 2004",4.18,9.6
York,S10,"May 25, 2004",4.18,6.8
York,S10,"May 25, 2004",4.18,23.2
York,S10,"May 25, 2004",4.18,25.4
York,S10,"May 25, 2004",4.18,26.4
York,S10,"May 25, 2004",4.18,9.2
York,S10,"May 25, 2004",4.18,7.5
York,S10,"May 25, 2004",4.18,21.6
York,S10,"May 25, 2004",4.18,24.3
York,S10,"May 25, 2004",4.18,21.8
York,S10,"May 25, 2004",4.18,8.1
York,S10,"May 25, 2004",4.18,6.3
York,S10,"May 25, 2004",4.18,23.3
York,S10,"May 25, 2004",4.18,24.8
York,S10,"May 25, 2004",4.18,22.9
York,S10,"May 25, 2004",4.18,8
York,S10,"May 25, 2004",4.18,6
York,S10,"May 25, 2004",4.18,23.6
York,S10,"May 25, 2004",4.18,10.3
York,S10,"May 25, 2004",4.18,9.1
York,S10,"May 25, 2004",4.18,8.4
York,S10,"May 25, 2004",4.18,8.6
York,S10,"May 25, 2004",4.18,7.6
York,S0,"May 25, 2004",4.18,21.7
York,S0,"May 25, 2004",4.18,8
York,S10,"May 25, 2004",4.18,7
York,S10,"May 25, 2004",4.18,22.1
York,S9,"May 25, 2004",4.32,18.8
York,S9,"May 25, 2004",4.32,20.6
York,S9,"May 25, 2004",4.32,7
York,S9,"May 25, 2004",4.32,3.9
York,S9,"May 25, 2004",4.32,7.1
York,S9,"May 25, 2004",4.32,7.2
York,S9,"May 25, 2004",4.32,7.7
York,S9,"May 25, 2004",4.32,6.4
York,S9,"May 25, 2004",4.32,20.5
York,S9,"May 25, 2004",4.32,20.1
York,S9,"May 25, 2004",4.32,18.6
York,S9,"May 25, 2004",4.32,6
York,S9,"May 25, 2004",4.32,7
York,S9,"May 25, 2004",4.32,7.3
York,S9,"May 25, 2004",4.32,5.7
York,S9,"May 25, 2004",4.32,9.3
York,S9,"May 25, 2004",4.32,7
York,S9,"May 25, 2004",4.32,6
York,S9,"May 25, 2004",4.32,18.2
York,S9,"May 25, 2004",4.32,14.4
York,S9,"May 25, 2004",4.32,19.1
York,S9,"May 25, 2004",4.32,7
York,S9,"May 25, 2004",4.32,9.5
York,S9,"May 25, 2004",4.32,7.4
York,S9,"May 25, 2004",4.32,7
York,S9,"May 25, 2004",4.32,7.7
York,S9,"May 25, 2004",4.32,6.7
York,S9,"May 25, 2004",4.32,6
York,S9,"May 25, 2004",4.32,4
York,S9,"May 25, 2004",4.32,5
York,S9,"May 25, 2004",4.32,5
York,S9,"May 25, 2004",4.32,5
York,S9,"May 25, 2004",4.32,4.8
York,S9,"May 25, 2004",4.32,4
York,S9,"May 25, 2004",4.32,18.4
York,S9,"May 25, 2004",4.32,17.1
York,S9,"May 25, 2004",4.32,8.4
York,S9,"May 25, 2004",4.32,5.3
York,S9,"May 25, 2004",4.32,7
York,S9,"May 25, 2004",4.32,19.2
York,S9,"May 25, 2004",4.32,7
York,S9,"May 25, 2004",4.32,8
York,S9,"May 25, 2004",4.32,7.4
York,S9,"May 25, 2004",4.32,4.1
York,S9,"May 25, 2004",4.32,19.3
York,S9,"May 25, 2004",4.32,6
York,S9,"May 25, 2004",4.32,8.3
York,S9,"May 25, 2004",4.32,6
York,S9,"May 25, 2004",4.32,6.4
York,S9,"May 25, 2004",4.32,8.1
York,S9,"May 25, 2004",4.32,16.1
York,S9,"May 25, 2004",4.32,8
York,S9,"May 25, 2004",4.32,6
York,S9,"May 25, 2004",4.32,6.1
York,S9,"May 25, 2004",4.32,7.4
York,S9,"May 25, 2004",4.32,9.5
York,S9,"May 25, 2004",4.32,7.7
York,S9,"May 25, 2004",4.32,7
York,S9,"May 25, 2004",4.32,7
York,S9,"May 25, 2004",4.32,18.9
York,S9,"May 25, 2004",4.32,8
York,S9,"May 25, 2004",4.32,6
York,S9,"May 25, 2004",4.32,5.3
York,S9,"May 25, 2004",4.32,4
York,S9,"May 25, 2004",4.32,9.1
York,S9,"May 25, 2004",4.32,8.9
York,S9,"May 25, 2004",4.32,6
York,S9,"May 25, 2004",4.32,8
York,S9,"May 25, 2004",4.32,4.6
York,S9,"May 25, 2004",4.32,7
York,S9,"May 25, 2004",4.32,8.1
York,S9,"May 25, 2004",4.32,7
York,S9,"May 25, 2004",4.32,5.2
York,S9,"May 25, 2004",4.32,11
York,S9,"May 25, 2004",4.32,8
York,S9,"May 25, 2004",4.32,7.7
York,S9,"May 25, 2004",4.32,9.1
York,S9,"May 25, 2004",4.32,7.1
York,S9,"May 25, 2004",4.32,4
York,S9,"May 25, 2004",4.32,7
York,S9,"May 25, 2004",4.32,6
York,S9,"May 25, 2004",4.32,7.5
York,S9,"May 25, 2004",4.32,8.5
York,S9,"May 25, 2004",4.32,8
York,S9,"May 25, 2004",4.32,17.7
York,S9,"May 25, 2004",4.32,7.1
York,S9,"May 25, 2004",4.32,7.5
York,S9,"May 25, 2004",4.32,3
York,S9,"May 25, 2004",4.32,5.6
York,S9,"May 25, 2004",4.32,8
York,S9,"May 25, 2004",4.32,8.9
York,S9,"May 25, 2004",4.32,6
York,S9,"May 25, 2004",4.32,8.4
York,S9,"May 25, 2004",4.32,6
York,S9,"May 25, 2004",4.32,7
York,S9,"May 25, 2004",4.32,9
York,S9,"May 25, 2004",4.32,9
York,S9,"May 25, 2004",4.32,20.3
York,S9,"May 25, 2004",4.32,18.5
York,S2,"May 25, 2004",4.67,10
York,S2,"May 25, 2004",4.67,14.4
York,S2,"May 25, 2004",4.67,12
York,S2,"May 25, 2004",4.67,12.3
York,S2,"May 25, 2004",4.67,12
York,S2,"May 25, 2004",4.67,10
York,S2,"May 25, 2004",4.67,8
York,S2,"May 25, 2004",4.67,9
York,S2,"May 25, 2004",4.67,11.6
York,S2,"May 25, 2004",4.67,11.6
York,S2,"May 25, 2004",4.67,9
York,S2,"May 25, 2004",4.67,14.2
York,S2,"May 25, 2004",4.67,10.1
York,S2,"May 25, 2004",4.67,10
York,S2,"May 25, 2004",4.67,12
York,S7,"May 25, 2004",4.71,23.4
York,S7,"May 25, 2004",4.71,19.5
York,S7,"May 25, 2004",4.71,8
York,S7,"May 25, 2004",4.71,18.9
York,S7,"May 25, 2004",4.71,10
York,S7,"May 25, 2004",4.71,20.3
York,S7,"May 25, 2004",4.71,18.5
York,S7,"May 25, 2004",4.71,6.7
York,S7,"May 25, 2004",4.71,15.6
York,S7,"May 25, 2004",4.71,4
York,S7,"May 25, 2004",4.71,19.1
York,S7,"May 25, 2004",4.71,19.2
York,S7,"May 25, 2004",4.71,7.2
York,S7,"May 25, 2004",4.71,19
York,S7,"May 25, 2004",4.71,6
York,S7,"May 25, 2004",4.71,20.2
York,S7,"May 25, 2004",4.71,7.3
York,S7,"May 25, 2004",4.71,20.2
York,S7,"May 25, 2004",4.71,11.7
York,S7,"May 25, 2004",4.71,23.6
York,S7,"May 25, 2004",4.71,19.9
York,S7,"May 25, 2004",4.71,20.1
York,S7,"May 25, 2004",4.71,7.3
York,S7,"May 25, 2004",4.71,4.5
York,S7,"May 25, 2004",4.71,20.8
York,S7,"May 25, 2004",4.71,19.9
York,S7,"May 25, 2004",4.71,7.9
York,S7,"May 25, 2004",4.71,7.7
York,S7,"May 25, 2004",4.71,21.4
York,S7,"May 25, 2004",4.71,20
York,S7,"May 25, 2004",4.71,7
York,S7,"May 25, 2004",4.71,8.2
York,S7,"May 25, 2004",4.71,22.8
York,S7,"May 25, 2004",4.71,18.4
York,S7,"May 25, 2004",4.71,7.1
York,S7,"May 25, 2004",4.71,5.3
York,S7,"May 25, 2004",4.71,21.2
York,S7,"May 25, 2004",4.71,9.7
York,S7,"May 25, 2004",4.71,19.2
York,S7,"May 25, 2004",4.71,19.5
York,S7,"May 25, 2004",4.71,19.3
York,S7,"May 25, 2004",4.71,17.1
York,S7,"May 25, 2004",4.71,23.1
York,S7,"May 25, 2004",4.71,18.4
York,S7,"May 25, 2004",4.71,7.4
York,S7,"May 25, 2004",4.71,19.4
York,S7,"May 25, 2004",4.71,19.3
York,S7,"May 25, 2004",4.71,5.8
York,S7,"May 25, 2004",4.71,8
York,S7,"May 25, 2004",4.71,3
York,S11,"May 25, 2004",4.75,12.5
York,S11,"May 25, 2004",4.75,11.1
York,S11,"May 25, 2004",4.75,8.3
York,S11,"May 25, 2004",4.75,6.3
York,S11,"May 25, 2004",4.75,14.5
York,S11,"May 25, 2004",4.75,7
York,S11,"May 25, 2004",4.75,14.4
York,S11,"May 25, 2004",4.75,10.2
York,S11,"May 25, 2004",4.75,6.5
York,S11,"May 25, 2004",4.75,8.5
York,S12,"May 25, 2004",4.97,23.8
York,S12,"May 25, 2004",4.97,22.2
York,S12,"May 25, 2004",4.97,28
York,S12,"May 25, 2004",4.97,7.3
York,S12,"May 25, 2004",4.97,20.6
York,S12,"May 25, 2004",4.97,7.1
York,S12,"May 25, 2004",4.97,17.3
York,S12,"May 25, 2004",4.97,7.6
York,S12,"May 25, 2004",4.97,20.7
York,S12,"May 25, 2004",4.97,20.2
York,S12,"May 25, 2004",4.97,21.8
York,S12,"May 25, 2004",4.97,5.7
York,S12,"May 25, 2004",4.97,21.1
York,S12,"May 25, 2004",4.97,22.3
York,S12,"May 25, 2004",4.97,22.2
York,S12,"May 25, 2004",4.97,19
York,S12,"May 25, 2004",4.97,23.1
York,S12,"May 25, 2004",4.97,21.5
York,S12,"May 25, 2004",4.97,20.5
York,S12,"May 25, 2004",4.97,21.6
York,S12,"May 25, 2004",4.97,7.3
York,S12,"May 25, 2004",4.97,9.3
York,S12,"May 25, 2004",4.97,7.1
York,S12,"May 25, 2004",4.97,6
York,S12,"May 25, 2004",4.97,6.5
York,S12,"May 25, 2004",4.97,4.5
York,S12,"May 25, 2004",4.97,8
York,S12,"May 25, 2004",4.97,22.6
York,S12,"May 25, 2004",4.97,21.6
York,S12,"May 25, 2004",4.97,22.6
York,S12,"May 25, 2004",4.97,22.4
York,S12,"May 25, 2004",4.97,23.1
York,S12,"May 25, 2004",4.97,8
York,S12,"May 25, 2004",4.97,9.5
York,S12,"May 25, 2004",4.97,21.3
York,S12,"May 25, 2004",4.97,21.1
York,S12,"May 25, 2004",4.97,21
York,S12,"May 25, 2004",4.97,25.1
York,S12,"May 25, 2004",4.97,23.1
York,S12,"May 25, 2004",4.97,3
York,S12,"May 25, 2004",4.97,8.3
York,S12,"May 25, 2004",4.97,20.9
York,S12,"May 25, 2004",4.97,21.6
York,S12,"May 25, 2004",4.97,20.3
York,S12,"May 25, 2004",4.97,24
York,S12,"May 25, 2004",4.97,5.5
York,S12,"May 25, 2004",4.97,6.6
York,S12,"May 25, 2004",4.97,7.7
York,S12,"May 25, 2004",4.97,6
York,S12,"May 25, 2004",4.97,5
York,S12,"May 25, 2004",4.97,5
York,S12,"May 25, 2004",4.97,8.7
York,S12,"May 25, 2004",4.97,7.6
York,S12,"May 25, 2004",4.97,5
York,S3,"May 25, 2004",5.47,27.6
York,S3,"May 25, 2004",5.47,22.1
York,S3,"May 25, 2004",5.47,14.1
York,S3,"May 25, 2004",5.47,12.2
York,S3,"May 25, 2004",5.47,11.5
York,S3,"May 25, 2004",5.47,13.4
York,S3,"May 25, 2004",5.47,6
York,S3,"May 25, 2004",5.47,9.6
York,S3,"May 25, 2004",5.47,8
York,S3,"May 25, 2004",5.47,13.1
York,S3,"May 25, 2004",5.47,14.5
York,S3,"May 25, 2004",5.47,13.5
York,S3,"May 25, 2004",5.47,14
York,S3,"May 25, 2004",5.47,11.2
York,S3,"May 25, 2004",5.47,8
York,S3,"May 25, 2004",5.47,9
York,S3,"May 25, 2004",5.47,12
York,S3,"May 25, 2004",5.47,6.6
York,S3,"May 25, 2004",5.47,14.8
York,S3,"May 25, 2004",5.47,17
York,S3,"May 25, 2004",5.47,17
York,S3,"May 25, 2004",5.47,12.2
York,S3,"May 25, 2004",5.47,16.5
York,S3,"May 25, 2004",5.47,12.2
York,S3,"May 25, 2004",5.47,17
York,S3,"May 25, 2004",5.47,14.2
York,S3,"May 25, 2004",5.47,15
York,S3,"May 25, 2004",5.47,16.1
York,S3,"May 25, 2004",5.47,12.4
York,S3,"May 25, 2004",5.47,15.5
York,S3,"May 25, 2004",5.47,16
York,S3,"May 25, 2004",5.47,15.2
York,S3,"May 25, 2004",5.47,16
York,S3,"May 25, 2004",5.47,14.4
York,S3,"May 25, 2004",5.47,6
York,S3,"May 25, 2004",5.47,15.1
York,S3,"May 25, 2004",5.47,15.3
York,S3,"May 25, 2004",5.47,15.9
York,S3,"May 25, 2004",5.47,15.2
York,S3,"May 25, 2004",5.47,15.1
York,S3,"May 25, 2004",5.47,15.5
York,S3,"May 25, 2004",5.47,14.4
York,S3,"May 25, 2004",5.47,15.5
York,S3,"May 25, 2004",5.47,10.3
York,S3,"May 25, 2004",5.47,16.8
York,S3,"May 25, 2004",5.47,13.2
York,S3,"May 25, 2004",5.47,13.4
York,S3,"May 25, 2004",5.47,16.4
York,S3,"May 25, 2004",5.47,15.3
York,S3,"May 25, 2004",5.47,16.1
York,S3,"May 25, 2004",5.47,16.4
York,S3,"May 25, 2004",5.47,13.8
York,S3,"May 25, 2004",5.47,16
York,S3,"May 25, 2004",5.47,14.8
York,S3,"May 25, 2004",5.47,14.7
York,S3,"May 25, 2004",5.47,14.6
York,S3,"May 25, 2004",5.47,16
York,S3,"May 25, 2004",5.47,12.4
York,S3,"May 25, 2004",5.47,14
York,S3,"May 25, 2004",5.47,7
York,S3,"May 25, 2004",5.47,7
York,S3,"May 25, 2004",5.47,5
York,S3,"May 25, 2004",5.47,15.6
York,S3,"May 25, 2004",5.47,12
York,S3,"May 25, 2004",5.47,12.5
York,S3,"May 25, 2004",5.47,15.3
York,S3,"May 25, 2004",5.47,10.3
York,S3,"May 25, 2004",5.47,28.6
York,S3,"May 25, 2004",5.47,8.6
York,S3,"May 25, 2004",5.47,11.6
York,S3,"May 25, 2004",5.47,12.5
York,S3,"May 25, 2004",5.47,15.9
York,S3,"May 25, 2004",5.47,14
York,S3,"May 25, 2004",5.47,12
York,S3,"May 25, 2004",5.47,10
York,S3,"May 25, 2004",5.47,15.7
York,S3,"May 25, 2004",5.47,11
York,S3,"May 25, 2004",5.47,11
York,S3,"May 25, 2004",5.47,15.1
York,S3,"May 25, 2004",5.47,12.7
York,S3,"May 25, 2004",5.47,14.3
York,S3,"May 25, 2004",5.47,7
York,S3,"May 25, 2004",5.47,12.4
York,S3,"May 25, 2004",5.47,14.3
York,S3,"May 25, 2004",5.47,10.1
York,S3,"May 25, 2004",5.47,6
York,S3,"May 25, 2004",5.47,14.6
York,S3,"May 25, 2004",5.47,14
York,S3,"May 25, 2004",5.47,11.3
York,S3,"May 25, 2004",5.47,4.3
York,S3,"May 25, 2004",5.47,13.5
York,S3,"May 25, 2004",5.47,11.4
York,S3,"May 25, 2004",5.47,11.6
York,S3,"May 25, 2004",5.47,6
York,S3,"May 25, 2004",5.47,15.1
York,S3,"May 25, 2004",5.47,14.6
York,S3,"May 25, 2004",5.47,11.1
York,S3,"May 25, 2004",5.47,11.1
York,S3,"May 25, 2004",5.47,13.4
York,S3,"May 25, 2004",5.47,9.5
York,S3,"May 25, 2004",5.47,15.3
York,S3,"May 25, 2004",5.47,14.8
York,S3,"May 25, 2004",5.47,11.4
York,S3,"May 25, 2004",5.47,14.2
York,S3,"May 25, 2004",5.47,11.5
York,S3,"May 25, 2004",5.47,14
York,S3,"May 25, 2004",5.47,10
York,S3,"May 25, 2004",5.47,8.2
York,S3,"May 25, 2004",5.47,7.2
York,S3,"May 25, 2004",5.47,5.9
Rappahannock,M5,"November 19, 2004",2.30,23
Rappahannock,M5,"November 19, 2004",2.30,22
Rappahannock,M5,"November 19, 2004",2.30,23
Rappahannock,M5,"November 19, 2004",2.30,21
Rappahannock,M5,"November 19, 2004",2.30,22.9
Rappahannock,M5,"November 19, 2004",2.30,20.7
Rappahannock,M5,"November 19, 2004",2.30,21.2
Rappahannock,M5,"November 19, 2004",2.30,21.7
Rappahannock,D3,"November 19, 2004",2.70,14.4
Rappahannock,S4,"November 19, 2004",3.00,22
Rappahannock,S4,"November 19, 2004",3.00,31.2
Rappahannock,S4,"November 19, 2004",3.00,21.6
Rappahannock,S4,"November 19, 2004",3.00,23.1
Rappahannock,S4,"November 19, 2004",3.00,22.6
Rappahannock,S4,"November 19, 2004",3.00,18.7
Rappahannock,S4,"November 19, 2004",3.00,24.8
Rappahannock,S4,"November 19, 2004",3.00,25.9
Rappahannock,S4,"November 19, 2004",3.00,25.9
Rappahannock,S4,"November 19, 2004",3.00,25.3
Rappahannock,S4,"November 19, 2004",3.00,24.2
Rappahannock,S4,"November 19, 2004",3.00,23.5
Rappahannock,S4,"November 19, 2004",3.00,23
Rappahannock,S4,"November 19, 2004",3.00,24
Rappahannock,S4,"November 19, 2004",3.00,19
Rappahannock,S4,"November 19, 2004",3.00,26
Rappahannock,S4,"November 19, 2004",3.00,20.2
Rappahannock,S4,"November 19, 2004",3.00,33.4
Rappahannock,S4,"November 19, 2004",3.00,25
Rappahannock,S4,"November 19, 2004",3.00,22
Rappahannock,S4,"November 19, 2004",3.00,20.5
Rappahannock,S4,"November 19, 2004",3.00,30.3
Rappahannock,S4,"November 19, 2004",3.00,20
Rappahannock,S4,"November 19, 2004",3.00,23.6
Rappahannock,S5,"November 19, 2004",3.50,14.1
Rappahannock,S5,"November 19, 2004",3.50,24.9
Rappahannock,S5,"November 19, 2004",3.50,25.1
Rappahannock,S5,"November 19, 2004",3.50,19.9
Rappahannock,S5,"November 19, 2004",3.50,19.1
Rappahannock,S5,"November 19, 2004",3.50,25.3
Rappahannock,M9,"November 19, 2004",3.60,14
Rappahannock,M9,"November 19, 2004",3.60,18.3
Rappahannock,M9,"November 19, 2004",3.60,20
Rappahannock,M9,"November 19, 2004",3.60,19
Rappahannock,M9,"November 19, 2004",3.60,20.3
Rappahannock,M9,"November 19, 2004",3.60,19
Rappahannock,M9,"November 19, 2004",3.60,16.2
Rappahannock,S9,"November 19, 2004",3.60,14.9
Rappahannock,S9,"November 19, 2004",3.60,14
Rappahannock,S1,"November 19, 2004",4.50,22
Rappahannock,S1,"November 19, 2004",4.50,26.2
Rappahannock,S1,"November 19, 2004",4.50,22
Rappahannock,S12,"November 19, 2004",4.50,22.6
Rappahannock,S12,"November 19, 2004",4.50,24
Rappahannock,S12,"November 19, 2004",4.50,23
Rappahannock,S12,"November 19, 2004",4.50,21.5
Rappahannock,M13,"November 19, 2004",4.60,20
Rappahannock,M13,"November 19, 2004",4.60,17.8
Rappahannock,M13,"November 19, 2004",4.60,21
Rappahannock,M13,"November 19, 2004",4.60,15.2
Rappahannock,M13,"November 19, 2004",4.60,14.6
Rappahannock,S16,"November 19, 2004",4.70,10.1
Rappahannock,S16,"November 19, 2004",4.70,20.5
Rappahannock,S10,"November 19, 2004",5.00,19.1
Rappahannock,S10,"November 19, 2004",5.00,16.4
Rappahannock,S10,"November 19, 2004",5.00,23
Rappahannock,S10,"November 19, 2004",5.00,21
Rappahannock,S10,"November 19, 2004",5.00,25.6
Rappahannock,S10,"November 19, 2004",5.00,26
Rappahannock,S10,"November 19, 2004",5.00,23.9
Rappahannock,S10,"November 19, 2004",5.00,22
Rappahannock,S10,"November 19, 2004",5.00,25.9
Rappahannock,S10,"November 19, 2004",5.00,27.9
Rappahannock,S10,"November 19, 2004",5.00,21.6
Rappahannock,S10,"November 19, 2004",5.00,25
Rappahannock,S10,"November 19, 2004",5.00,22.3
Rappahannock,S10,"November 19, 2004",5.00,24.4
Rappahannock,S10,"November 19, 2004",5.00,24.7
Rappahannock,S10,"November 19, 2004",5.00,20
Rappahannock,S0,"November 19, 2004",6.70,31.9
Rappahannock,S0,"November 19, 2004",6.70,21.8
Rappahannock,S0,"November 19, 2004",6.70,23.9
Rappahannock,S0,"November 19, 2004",6.70,20.9
Rappahannock,S0,"November 19, 2004",6.70,22.6
Rappahannock,S0,"November 19, 2004",6.70,22
Rappahannock,S0,"November 19, 2004",6.70,21.5
Rappahannock,S0,"November 19, 2004",6.70,21.8
Rappahannock,S0,"November 19, 2004",6.70,19
Rappahannock,S0,"November 19, 2004",6.70,23
Rappahannock,S0,"November 19, 2004",6.70,22.6
Rappahannock,S0,"November 19, 2004",6.70,23
Rappahannock,S0,"November 19, 2004",6.70,24
Rappahannock,S0,"November 19, 2004",6.70,20
Rappahannock,S0,"November 19, 2004",6.70,23
Rappahannock,S0,"November 19, 2004",6.70,24.2
Rappahannock,S0,"November 19, 2004",6.70,24.7
Rappahannock,S0,"November 19, 2004",6.70,25.1
Rappahannock,S0,"November 19, 2004",6.70,23.8
Rappahannock,S0,"November 19, 2004",6.70,14.1
Rappahannock,D10,"June 7, 2004",0.35,6
Rappahannock,D10,"June 7, 2004",0.35,7
Rappahannock,D0,"June 7, 2004",0.40,12
Rappahannock,D0,"June 7, 2004",0.40,10
Rappahannock,D0,"June 7, 2004",0.40,3
Rappahannock,D8,"June 7, 2004",0.49,10.6
Rappahannock,D2,"June 7, 2004",0.60,6
Rappahannock,D2,"June 7, 2004",0.60,8
Rappahannock,D2,"June 7, 2004",0.60,9
Rappahannock,D2,"June 7, 2004",0.60,6
Rappahannock,D4,"June 7, 2004",0.66,13
Rappahannock,M7,"June 7, 2004",1.50,4
Rappahannock,M7,"June 7, 2004",1.50,8
Rappahannock,M7,"June 7, 2004",1.50,4
Rappahannock,M7,"June 7, 2004",1.50,11.5
Rappahannock,M7,"June 7, 2004",1.50,27.5
Rappahannock,M7,"June 7, 2004",1.50,24
Rappahannock,M7,"June 7, 2004",1.50,23.3
Rappahannock,M7,"June 7, 2004",1.50,30
Rappahannock,M7,"June 7, 2004",1.50,5
Rappahannock,M7,"June 7, 2004",1.50,3
Rappahannock,D9,"June 7, 2004",1.55,7.7
Rappahannock,D9,"June 7, 2004",1.55,7
Rappahannock,D9,"June 7, 2004",1.55,7.2
Rappahannock,D9,"June 7, 2004",1.55,9
Rappahannock,D9,"June 7, 2004",1.55,8
Rappahannock,D9,"June 7, 2004",1.55,6.7
Rappahannock,M8,"June 7, 2004",2.10,7
Rappahannock,M8,"June 7, 2004",2.10,6
Rappahannock,D6,"June 7, 2004",2.22,9
Rappahannock,D6,"June 7, 2004",2.22,12.2
Rappahannock,D6,"June 7, 2004",2.22,9.8
Rappahannock,D6,"June 7, 2004",2.22,7
Rappahannock,D6,"June 7, 2004",2.22,7
Rappahannock,D6,"June 7, 2004",2.22,9.8
Rappahannock,D6,"June 7, 2004",2.22,9
Rappahannock,D6,"June 7, 2004",2.22,6
Rappahannock,D6,"June 7, 2004",2.22,7
Rappahannock,D6,"June 7, 2004",2.22,8.9
Rappahannock,D6,"June 7, 2004",2.22,7
Rappahannock,D6,"June 7, 2004",2.22,8.8
Rappahannock,D6,"June 7, 2004",2.22,8.3
Rappahannock,M5,"June 7, 2004",2.30,7.5
Rappahannock,M5,"June 7, 2004",2.30,8
Rappahannock,M5,"June 7, 2004",2.30,5
Rappahannock,M5,"June 7, 2004",2.30,9
Rappahannock,M5,"June 7, 2004",2.30,7
Rappahannock,M5,"June 7, 2004",2.30,4
Rappahannock,M5,"June 7, 2004",2.30,5
Rappahannock,M5,"June 7, 2004",2.30,4
Rappahannock,M5,"June 7, 2004",2.30,4
Rappahannock,M5,"June 7, 2004",2.30,5
Rappahannock,M5,"June 7, 2004",2.30,6
Rappahannock,D3,"June 7, 2004",2.70,5
Rappahannock,D3,"June 7, 2004",2.70,6
Rappahannock,D3,"June 7, 2004",2.70,4
Rappahannock,S4,"June 7, 2004",3.00,35.9
Rappahannock,S4,"June 7, 2004",3.00,31.1
Rappahannock,S4,"June 7, 2004",3.00,32.2
Rappahannock,S4,"June 7, 2004",3.00,24.3
Rappahannock,S4,"June 7, 2004",3.00,23
Rappahannock,S4,"June 7, 2004",3.00,20.9
Rappahannock,S4,"June 7, 2004",3.00,22.7
Rappahannock,S4,"June 7, 2004",3.00,8
Rappahannock,S4,"June 7, 2004",3.00,7
Rappahannock,S4,"June 7, 2004",3.00,5
Rappahannock,S4,"June 7, 2004",3.00,16
Rappahannock,S4,"June 7, 2004",3.00,24
Rappahannock,S4,"June 7, 2004",3.00,23.8
Rappahannock,S4,"June 7, 2004",3.00,22.2
Rappahannock,S4,"June 7, 2004",3.00,20
Rappahannock,S4,"June 7, 2004",3.00,21.9
Rappahannock,S4,"June 7, 2004",3.00,21.5
Rappahannock,S4,"June 7, 2004",3.00,22.7
Rappahannock,S4,"June 7, 2004",3.00,20.1
Rappahannock,S4,"June 7, 2004",3.00,21.1
Rappahannock,S4,"June 7, 2004",3.00,21.7
Rappahannock,S4,"June 7, 2004",3.00,19.2
Rappahannock,S4,"June 7, 2004",3.00,5
Rappahannock,S4,"June 7, 2004",3.00,3
Rappahannock,S4,"June 7, 2004",3.00,4
Rappahannock,S4,"June 7, 2004",3.00,25.5
Rappahannock,S4,"June 7, 2004",3.00,23.8
Rappahannock,S4,"June 7, 2004",3.00,20.8
Rappahannock,S4,"June 7, 2004",3.00,30.5
Rappahannock,S4,"June 7, 2004",3.00,33.2
Rappahannock,S4,"June 7, 2004",3.00,21.2
Rappahannock,S4,"June 7, 2004",3.00,34.1
Rappahannock,S4,"June 7, 2004",3.00,23
Rappahannock,S4,"June 7, 2004",3.00,24.1
Rappahannock,S4,"June 7, 2004",3.00,21.3
Rappahannock,S4,"June 7, 2004",3.00,19.9
Rappahannock,S4,"June 7, 2004",3.00,19.2
Rappahannock,S4,"June 7, 2004",3.00,20.3
Rappahannock,S4,"June 7, 2004",3.00,20.2
Rappahannock,S4,"June 7, 2004",3.00,20.9
Rappahannock,S4,"June 7, 2004",3.00,19
Rappahannock,S4,"June 7, 2004",3.00,21.6
Rappahannock,M19,"June 7, 2004",3.25,4
Rappahannock,M19,"June 7, 2004",3.25,9
Rappahannock,M19,"June 7, 2004",3.25,7.6
Rappahannock,M19,"June 7, 2004",3.25,9
Rappahannock,M19,"June 7, 2004",3.25,8
Rappahannock,M0,"June 7, 2004",3.30,8.7
Rappahannock,M0,"June 7, 2004",3.30,22
Rappahannock,M0,"June 7, 2004",3.30,10
Rappahannock,M0,"June 7, 2004",3.30,6
Rappahannock,M0,"June 7, 2004",3.30,7
Rappahannock,M0,"June 7, 2004",3.30,8
Rappahannock,M0,"June 7, 2004",3.30,23.3
Rappahannock,M0,"June 7, 2004",3.30,21.3
Rappahannock,M0,"June 7, 2004",3.30,9
Rappahannock,M0,"June 7, 2004",3.30,7
Rappahannock,M0,"June 7, 2004",3.30,8
Rappahannock,M0,"June 7, 2004",3.30,21.4
Rappahannock,M0,"June 7, 2004",3.30,9.5
Rappahannock,M0,"June 7, 2004",3.30,6
Rappahannock,M0,"June 7, 2004",3.30,24
Rappahannock,M0,"June 7, 2004",3.30,8
Rappahannock,S8,"June 7, 2004",3.30,9.6
Rappahannock,S8,"June 7, 2004",3.30,6
Rappahannock,S8,"June 7, 2004",3.30,4
Rappahannock,S5,"June 7, 2004",3.50,9
Rappahannock,S5,"June 7, 2004",3.50,17.2
Rappahannock,S5,"June 7, 2004",3.50,21.7
Rappahannock,S5,"June 7, 2004",3.50,22.4
Rappahannock,S5,"June 7, 2004",3.50,21.4
Rappahannock,S5,"June 7, 2004",3.50,6
Rappahannock,S5,"June 7, 2004",3.50,22.3
Rappahannock,S5,"June 7, 2004",3.50,21.2
Rappahannock,S5,"June 7, 2004",3.50,8.2
Rappahannock,S5,"June 7, 2004",3.50,21.2
Rappahannock,S5,"June 7, 2004",3.50,5.2
Rappahannock,S5,"June 7, 2004",3.50,5
Rappahannock,S5,"June 7, 2004",3.50,21.1
Rappahannock,S5,"June 7, 2004",3.50,9.2
Rappahannock,S5,"June 7, 2004",3.50,6.2
Rappahannock,S5,"June 7, 2004",3.50,6
Rappahannock,S5,"June 7, 2004",3.50,5
Rappahannock,S5,"June 7, 2004",3.50,3.2
Rappahannock,M9,"June 7, 2004",3.60,8.7
Rappahannock,M9,"June 7, 2004",3.60,11
Rappahannock,M9,"June 7, 2004",3.60,24.3
Rappahannock,M9,"June 7, 2004",3.60,10.7
Rappahannock,M9,"June 7, 2004",3.60,8.7
Rappahannock,M9,"June 7, 2004",3.60,6
Rappahannock,S9,"June 7, 2004",3.60,7.2
Rappahannock,S9,"June 7, 2004",3.60,8
Rappahannock,S9,"June 7, 2004",3.60,5
Rappahannock,S9,"June 7, 2004",3.60,6
Rappahannock,S9,"June 7, 2004",3.60,6
Rappahannock,S1,"June 7, 2004",4.50,22
Rappahannock,S1,"June 7, 2004",4.50,7.6
Rappahannock,S1,"June 7, 2004",4.50,8.7
Rappahannock,S1,"June 7, 2004",4.50,5.8
Rappahannock,S1,"June 7, 2004",4.50,17.5
Rappahannock,S1,"June 7, 2004",4.50,8
Rappahannock,S1,"June 7, 2004",4.50,8
Rappahannock,S1,"June 7, 2004",4.50,22.3
Rappahannock,S1,"June 7, 2004",4.50,19.6
Rappahannock,S1,"June 7, 2004",4.50,21.4
Rappahannock,S1,"June 7, 2004",4.50,13
Rappahannock,S1,"June 7, 2004",4.50,7
Rappahannock,S1,"June 7, 2004",4.50,18.8
Rappahannock,S1,"June 7, 2004",4.50,17.5
Rappahannock,S1,"June 7, 2004",4.50,19.9
Rappahannock,S1,"June 7, 2004",4.50,7.4
Rappahannock,S1,"June 7, 2004",4.50,8
Rappahannock,S1,"June 7, 2004",4.50,10
Rappahannock,S1,"June 7, 2004",4.50,8
Rappahannock,S1,"June 7, 2004",4.50,8
Rappahannock,S1,"June 7, 2004",4.50,19.9
Rappahannock,S1,"June 7, 2004",4.50,18.4
Rappahannock,S1,"June 7, 2004",4.50,10
Rappahannock,S1,"June 7, 2004",4.50,23
Rappahannock,S1,"June 7, 2004",4.50,6.1
Rappahannock,S1,"June 7, 2004",4.50,7
Rappahannock,S1,"June 7, 2004",4.50,10
Rappahannock,S1,"June 7, 2004",4.50,20.8
Rappahannock,S1,"June 7, 2004",4.50,20
Rappahannock,S1,"June 7, 2004",4.50,9
Rappahannock,S1,"June 7, 2004",4.50,7.6
Rappahannock,S1,"June 7, 2004",4.50,21.8
Rappahannock,S1,"June 7, 2004",4.50,19.6
Rappahannock,S1,"June 7, 2004",4.50,20
Rappahannock,S1,"June 7, 2004",4.50,20
Rappahannock,S1,"June 7, 2004",4.50,21
Rappahannock,S1,"June 7, 2004",4.50,8.7
Rappahannock,S12,"June 7, 2004",4.50,20.1
Rappahannock,S12,"June 7, 2004",4.50,20
Rappahannock,S12,"June 7, 2004",4.50,16.3
Rappahannock,S12,"June 7, 2004",4.50,21.3
Rappahannock,S12,"June 7, 2004",4.50,16.9
Rappahannock,S12,"June 7, 2004",4.50,20
Rappahannock,M13,"June 7, 2004",4.60,22.2
Rappahannock,M13,"June 7, 2004",4.60,9.4
Rappahannock,M13,"June 7, 2004",4.60,24
Rappahannock,M13,"June 7, 2004",4.60,23.4
Rappahannock,M13,"June 7, 2004",4.60,6
Rappahannock,M13,"June 7, 2004",4.60,7
Rappahannock,S11,"June 7, 2004",4.60,6.1
Rappahannock,S11,"June 7, 2004",4.60,5
Rappahannock,S16,"June 7, 2004",4.70,6
Rappahannock,S10,"June 7, 2004",5.00,21.1
Rappahannock,S10,"June 7, 2004",5.00,21.1
Rappahannock,S10,"June 7, 2004",5.00,5
Rappahannock,S10,"June 7, 2004",5.00,18.9
Rappahannock,S10,"June 7, 2004",5.00,7
Rappahannock,S10,"June 7, 2004",5.00,21.1
Rappahannock,S10,"June 7, 2004",5.00,22.2
Rappahannock,S10,"June 7, 2004",5.00,28
Rappahannock,S10,"June 7, 2004",5.00,21.2
Rappahannock,S10,"June 7, 2004",5.00,8.1
Rappahannock,S10,"June 7, 2004",5.00,20.2
Rappahannock,S10,"June 7, 2004",5.00,22.9
Rappahannock,S10,"June 7, 2004",5.00,21.8
Rappahannock,S10,"June 7, 2004",5.00,22.1
Rappahannock,S10,"June 7, 2004",5.00,21.8
Rappahannock,S10,"June 7, 2004",5.00,22.7
Rappahannock,S10,"June 7, 2004",5.00,19.7
Rappahannock,S10,"June 7, 2004",5.00,19.9
Rappahannock,S10,"June 7, 2004",5.00,17.7
Rappahannock,S10,"June 7, 2004",5.00,8
Rappahannock,M6,"June 7, 2004",5.75,5
Rappahannock,M6,"June 7, 2004",5.75,5
Rappahannock,M6,"June 7, 2004",5.75,4
Rappahannock,M6,"June 7, 2004",5.75,4
